username,title,subscribers,avg_views,avg_reactions,avg_comments,avg_forwards,posts_per_day,has_linked_chat,err,reach,bot_ratio,detected_category,preliminary_score,health_score
@entertainment_nova_0000,Peak Vibes,21073,6033,115,0,16,2.38,False,2.7,28.63,0.054,entertainment,60,58.0
@sports_neon_0001,Insider Match,3668,717,17,0,3,0.04,False,3.19,19.57,0.115,sports,35,32.6
@business_insider_0002,Daily Market,666,251,6,0,2,3.65,False,4.62,37.78,0.081,business,52,49.5
@news_daily_0003,Peak Report,6798,2657,24,0,8,2.72,False,1.61,39.1,0.0,news,57,57.0
@business_insider_0004,Quiet Capital,5935,2118,71,15,26,1.37,True,5.54,35.7,0.036,business,87,85.1
@movies_neon_0005,Daily Cinema,2996,870,40,0,13,1.16,False,7.49,29.07,0.0,movies,60,60.0
@tech_global_0006,Global AI,41229,6892,88,0,32,39.6,False,2.3,16.72,0.086,tech,40,37.9
@crypto_quiet_0007,Vivid DeFi,4782,1505,38,0,12,1.31,False,3.5,31.48,0.004,crypto,60,59.9
@business_bright_0008,Quiet Capital,294,87,1,0,0,2.6,True,3.4,29.74,0.079,business,52,49.5
@health_alpha_0009,Alpha Health,2097,204,0,0,0,0.2,True,0.28,9.75,0.064,health,20.48,19.7
@entertainment_bright_0010,Nova Laughs,274,71,2,0,0,15.1,False,4.94,26.19,0.037,entertainment,37,36.2
@crypto_vivid_0011,Nova Chain,4048,1066,22,0,7,0.07,False,3.52,26.35,0.016,crypto,40,39.6
@business_smart_0012,Urban Money,2793,823,22,0,7,1.44,False,4.1,29.47,0.054,business,55,53.2
@news_global_0013,Neon Wire,5189,774,14,4,4,1.48,True,2.87,14.92,0.03,news,62,60.9
@education_neon_0014,Open Course,16669,2515,58,24,16,3.06,True,4.05,15.09,0.045,education,70,68.1
@politics_insider_0015,Insider Debate,52890,15264,83,0,31,0.13,False,0.88,28.86,0.015,politics,37,36.7
@sports_urban_0016,Neon Match,202,93,1,0,0,1.59,True,2.92,46.43,0.062,sports,57,54.9
@tech_prime_0017,Insider Code,1729,346,3,1,1,0.97,True,1.78,20.02,0.137,tech,55,50.5
@education_bright_0018,Bright Course,2638,875,6,1,1,2.17,True,1.23,33.21,0.064,education,65,62.5
@health_peak_0019,Neon Health,2972,599,6,0,1,18.0,False,1.59,20.16,0.032,health,35,34.3
@politics_global_0020,Daily Forum,13695,3238,35,9,7,0.02,True,1.55,23.65,0.037,politics,55,53.8
@crypto_alpha_0021,Bright Coins,20812,5415,58,13,13,3.43,True,1.6,26.02,0.106,crypto,70,65.5
@news_smart_0022,Core News,4894,321,2,0,0,1.34,True,1.25,6.58,0.576,news,38.29,25.1
@movies_core_0023,Quiet Reel,8206,2036,45,10,9,0.2,True,3.49,24.82,0.111,movies,62,57.9
@politics_nova_0024,Daily Policy,1569,375,12,0,2,0.03,False,4.86,23.91,0.011,politics,40,39.7
@news_bright_0025,Global News,1580,354,7,0,1,2.5,False,3.43,22.41,0.133,news,55,50.6
@gaming_global_0026,Core Games,499,216,10,0,2,0.07,False,6.42,43.32,0.024,gaming,47,46.3
@lifestyle_neon_0027,Daily Home,4955,1555,13,3,3,0.2,True,1.47,31.39,0.058,lifestyle,55,53.1
@gaming_neon_0028,Quiet Quest,49736,1170,9,1,1,1.48,True,1.34,2.35,0.047,gaming,51.18,49.7
@lifestyle_smart_0029,Urban Home,11899,1108,5,2,0,3.03,True,0.74,9.32,0.762,lifestyle,44.66,24.2
@music_global_0030,Insider Sound,241,31,0,0,0,2.75,False,2.3,13.16,0.677,music,47,27.9
@crypto_core_0031,Neon Chain,8470,2298,65,0,15,0.07,False,4.49,27.14,0.0,crypto,42,42.0
@news_quiet_0032,Peak Wire,11532,1487,59,13,10,1.42,True,5.4,12.9,0.08,news,80,76.2
@tech_alpha_0033,Open AI,3211,524,18,0,5,1.07,False,4.99,16.35,0.067,tech,50,48.0
@news_open_0034,Core Digest,6875,2114,40,0,15,1.95,False,3.38,30.76,0.054,news,62,60.0
@lifestyle_urban_0035,Smart Style,1363,303,3,0,0,2.29,False,1.87,22.29,0.079,lifestyle,50,47.6
@politics_bright_0036,Daily Debate,2541,755,23,3,7,0.2,True,4.82,29.72,0.0,politics,55,55.0
@education_daily_0037,Open Academy,797,325,4,0,1,2.36,False,2.08,40.83,0.119,education,57,52.9
@sports_prime_0038,Urban League,960,234,3,0,1,14.6,True,2.63,24.48,0.032,sports,37,36.3
@health_daily_0039,Alpha Fit,5479,1882,25,7,5,2.51,True,1.87,34.35,0.088,health,72,68.2
@news_bright_0040,Insider Wire,6478,2562,47,10,11,0.73,True,2.91,39.56,0.069,news,72,69.0
@sports_global_0041,Global Match,2351,1020,28,10,10,1.35,True,4.75,43.4,0.07,sports,75,71.9
@music_smart_0042,Alpha Beats,2332,852,14,0,4,1.24,False,2.73,36.56,0.14,music,60,55.0
@lifestyle_nova_0043,Vivid Style,6951,991,12,3,2,0.52,True,2.03,14.27,0.119,lifestyle,57,52.9
@news_smart_0044,Daily Digest,3557,1352,23,8,7,11.4,True,3.11,38.02,0.062,news,60,57.8
@business_global_0045,Neon Ventures,693,302,7,1,1,33.5,True,4.29,43.61,0.001,business,52,52.0
@news_core_0046,Quiet Report,12497,2111,40,0,7,1.3,False,3.27,16.9,0.041,news,55,53.6
@tech_daily_0047,Core AI,13237,2996,43,11,10,0.2,True,2.3,22.64,0.045,tech,70,68.1
@business_nova_0048,Nova Capital,14032,2400,111,36,22,1.09,True,6.47,17.11,0.062,business,80,77.0
@crypto_bright_0049,Smart Chain,7848,1854,61,9,17,0.13,True,4.55,23.64,0.037,crypto,57,55.7
@education_daily_0050,Vivid Course,21997,2949,36,0,10,2.55,False,1.73,13.41,0.011,education,50,49.7
@news_daily_0051,Prime Wire,2598,680,31,5,6,0.2,True,6.76,26.21,0.043,news,60,58.4
@news_smart_0052,Global Wire,446,184,6,0,1,1.13,False,5.58,41.42,0.116,news,62,57.7
@news_prime_0053,Open Digest,5108,1228,12,3,3,0.88,True,1.82,24.06,0.103,news,57,53.5
@news_core_0054,Core Report,10027,2622,58,10,8,0.1,True,3.2,26.15,0.0,news,60,60.0
@tech_urban_0055,Open Tech,397,178,6,0,1,2.37,False,5.58,45.09,0.021,tech,62,61.2
@tech_alpha_0056,Nova AI,16141,3302,69,22,11,0.2,True,2.96,20.46,0.063,tech,70,67.4
@business_insider_0057,Neon Market,66609,9637,290,0,78,2.06,False,4.19,14.47,0.0,business,57,57.0
@crypto_smart_0058,Vivid DeFi,17396,5682,46,13,15,2.57,True,1.49,32.67,0.087,crypto,80,75.8
@news_nova_0059,Alpha News,1406,429,5,1,1,3.34,True,2.1,30.52,0.046,news,65,63.2
@lifestyle_vivid_0060,Alpha Style,13552,2884,67,16,12,2.13,True,3.22,21.29,0.034,lifestyle,80,78.4
@news_nova_0061,Insider Wire,2930,863,26,6,7,1.45,True,4.81,29.46,0.091,news,70,66.2
@news_daily_0062,Global News,12451,4899,25,0,9,1.47,False,0.91,39.35,0.082,news,55,52.3
@education_daily_0063,Quiet Lessons,1697,696,22,0,7,0.44,False,5.55,41.04,0.094,education,55,51.9
@entertainment_bright_0064,Peak Laughs,3230,541,17,3,6,1.43,True,5.22,16.76,0.004,entertainment,65,64.8
@education_neon_0065,Urban Learn,19494,6353,34,0,7,1.13,False,0.78,32.59,0.057,education,55,53.1
@crypto_neon_0066,Core DeFi,4316,1439,22,6,7,0.19,True,2.5,33.36,0.033,crypto,60,58.8
@news_prime_0067,Core Digest,2937,821,23,0,5,2.57,False,3.79,27.96,0.034,news,55,53.9
@crypto_prime_0068,Global Crypto,779,255,11,2,3,0.2,True,7.12,32.74,0.056,crypto,62,59.9
@entertainment_quiet_0069,Quiet Vibes,24505,1481,36,8,11,1.71,True,3.96,6.04,0.3,entertainment,63.02,51.7
@education_insider_0070,Nova Learn,84166,25141,323,0,131,0.08,False,2.32,29.87,0.044,education,47,45.8
@entertainment_smart_0071,Quiet Laughs,9791,4265,18,3,4,3.79,True,0.72,43.56,0.009,entertainment,57,56.7
@entertainment_vivid_0072,Insider Fun,5343,1312,38,0,9,1.98,False,3.98,24.57,0.0,entertainment,57,57.0
@gaming_alpha_0073,Bright Arena,12294,577,12,0,3,1.15,False,2.85,4.7,0.016,gaming,47.35,46.9
@news_insider_0074,Urban Report,17538,2895,32,0,8,37.0,False,1.88,16.51,0.021,news,35,34.6
@business_vivid_0075,Prime Money,31578,11500,239,57,72,2.98,True,2.92,36.42,0.0,business,85,85.0
@news_global_0076,Quiet Report,3949,1326,39,0,5,31.5,False,4.4,33.58,0.095,news,45,42.4
@gaming_daily_0077,Open Arena,62864,3331,40,10,14,0.05,True,1.74,5.3,0.525,gaming,44.65,30.6
@health_neon_0078,Smart Wellness,7274,2227,33,10,5,0.77,True,2.13,30.62,0.094,health,72,67.9
@education_open_0079,Core Learn,10326,1952,46,0,13,1.48,False,3.56,18.91,0.085,education,55,52.2
@gaming_neon_0080,Neon Games,10436,1851,23,3,6,0.2,True,1.9,17.74,0.091,gaming,50,47.3
@crypto_bright_0081,Peak Coins,12536,2069,35,10,11,1.86,True,3.06,16.51,0.024,crypto,70,69.0
@business_nova_0082,Open Market,3650,1304,47,12,15,1.85,True,5.84,35.73,0.082,business,85,80.8
@health_bright_0083,Bright Fit,708,193,3,0,0,1.64,True,2.9,27.39,0.002,health,52,51.9
@health_neon_0084,Insider Fit,591,270,9,2,2,1.05,True,5.04,45.72,0.111,health,72,67.2
@news_quiet_0085,Smart Report,4989,1544,20,3,3,2.29,True,1.79,30.96,0.08,news,65,61.9
@tech_daily_0086,Core AI,11452,3510,112,0,21,2.91,False,5.35,30.66,0.103,tech,70,65.7
@crypto_open_0087,Open Coins,17208,5416,68,20,21,0.04,True,2.29,31.48,0.017,crypto,70,69.3
@entertainment_quiet_0088,Vivid Fun,2210,289,9,2,1,2.26,True,4.92,13.08,0.003,entertainment,60,59.9
@crypto_nova_0089,Core DeFi,3466,1204,44,13,9,0.64,True,5.1,34.76,0.05,crypto,80,77.6
@lifestyle_vivid_0090,Neon Travel,39739,5078,49,0,19,1.29,False,1.56,12.78,0.033,lifestyle,50,49.0
@politics_global_0091,Bright Debate,738,298,6,0,1,1.95,False,3.09,40.45,0.079,politics,57,54.3
@crypto_core_0092,Peak Coins,45885,4829,11,3,3,3.13,True,0.34,10.52,0.068,crypto,46.8,44.9
@education_bright_0093,Alpha Learn,1547,746,11,1,1,1.25,True,2.34,48.25,0.098,education,70,65.9
@business_urban_0094,Bright Capital,158,62,0,0,0,2.42,False,1.74,39.29,0.128,business,52,48.0
@sports_open_0095,Global Sports,3119,400,4,0,1,3.32,False,2.24,12.84,0.469,sports,45,32.3
@tech_smart_0096,Neon Dev,335,123,1,0,0,0.08,True,1.31,36.8,0.024,tech,37,36.5
@news_urban_0097,Neon Digest,824,303,9,2,3,11.7,True,5.49,36.85,0.0,news,57,57.0
@gaming_alpha_0098,Open Quest,19912,5775,98,0,28,1.2,False,3.07,29.0,0.064,gaming,60,57.7
@gaming_smart_0099,Neon Games,27632,6659,228,38,73,0.2,True,5.54,24.1,0.064,gaming,75,72.1
@entertainment_global_0100,Smart Vibes,2545,878,10,2,2,0.41,True,1.95,34.52,0.077,entertainment,55,52.5
@entertainment_global_0101,Global Laughs,7606,2282,51,0,14,0.0,False,3.42,30.01,0.016,entertainment,47,46.6
@education_vivid_0102,Smart Lessons,7826,1056,1,0,0,2.85,False,0.25,13.5,0.095,education,37.0,34.9
@lifestyle_bright_0103,Neon Travel,20395,4773,100,0,34,2.88,False,3.32,23.4,0.005,lifestyle,60,59.8
@business_peak_0104,Quiet Money,10583,3431,53,0,17,4.08,False,2.21,32.42,0.044,business,60,58.4
@entertainment_neon_0105,Global Vibes,775,147,4,1,0,0.2,True,4.48,18.99,0.026,entertainment,47,46.3
@business_smart_0106,Bright Capital,56376,7071,214,0,75,2.01,False,5.4,12.54,0.029,business,62,60.9
@gaming_prime_0107,Urban Quest,39291,11804,387,0,133,4.29,False,5.06,30.04,0.073,gaming,65,62.2
@tech_insider_0108,Neon Tech,14953,2131,25,7,4,3.16,True,1.7,14.26,0.067,tech,60,57.6
@lifestyle_nova_0109,Peak Style,1203,438,10,0,3,2.46,False,3.67,36.49,0.076,lifestyle,60,57.3
@entertainment_quiet_0110,Daily Laughs,4279,944,2,0,0,0.01,False,0.3,22.07,0.0,entertainment,26.0,26.0
@news_neon_0111,Neon Digest,10222,1600,28,9,5,1.72,True,3.0,15.66,0.088,news,70,66.3
@tech_bright_0112,Urban Dev,448,125,6,2,1,1.34,True,7.48,28.1,0.077,tech,67,63.9
@anime_neon_0113,Open Sakura,1034,344,5,0,1,0.85,False,2.55,33.33,0.034,anime,55,53.9
@health_quiet_0114,Global Care,41494,5257,27,9,9,3.26,True,0.79,12.67,0.183,health,55,49.0
@business_alpha_0115,Urban Ventures,23069,8380,369,83,73,0.2,True,6.07,36.33,0.133,business,80,73.6
@crypto_daily_0116,Nova Crypto,6096,2087,23,0,4,0.18,False,1.78,34.24,0.034,crypto,42,41.1
@news_alpha_0117,Daily Wire,14058,5654,163,55,53,0.38,True,4.02,40.22,0.039,news,75,73.2
@health_vivid_0118,Prime Fit,623,255,3,0,1,2.17,False,2.08,40.99,0.171,health,57,51.1
@tech_open_0119,Urban Dev,1617,82,0,0,0,0.53,True,1.52,5.12,0.525,tech,32.56,22.3
@tech_vivid_0120,Global AI,41789,12280,212,0,30,2.98,False,2.47,29.39,0.028,tech,60,59.0
@music_bright_0121,Peak Tracks,1332,400,2,0,1,2.33,False,1.2,30.07,0.035,music,55,53.8
@business_neon_0122,Prime Money,3245,1463,32,0,9,4.04,False,3.3,45.09,0.013,business,55,54.6
@lifestyle_insider_0123,Vivid Living,3948,915,18,0,4,1.23,False,3.34,23.19,0.045,lifestyle,55,53.5
@gaming_vivid_0124,Daily Quest,2525,211,4,1,1,0.51,True,3.65,8.39,0.424,gaming,49.2,36.7
@tech_alpha_0125,Insider Tech,6480,2245,57,0,10,2.24,False,3.48,34.65,0.007,tech,62,61.7
@news_nova_0126,Core Digest,62080,12917,514,0,172,1.13,False,5.97,20.81,0.0,news,67,67.0
@health_open_0127,Quiet Health,82926,18924,40,0,12,1.54,False,0.34,22.82,0.076,health,48.8,46.6
@gacha_nova_0128,Nova GLMV,100,46,0,0,0,2.34,True,1.82,46.94,0.0,gacha,52,52.0
@lifestyle_global_0129,Open Travel,39137,4138,87,23,18,2.17,True,2.82,10.57,0.355,lifestyle,75,59.0
@crypto_neon_0130,Prime Chain,3742,1436,20,3,5,1.49,True,2.47,38.4,0.016,crypto,70,69.3
@crypto_smart_0131,Prime Chain,1968,1000,52,0,19,0.24,False,7.78,50.82,0.054,crypto,60,58.1
@business_smart_0132,Bright Money,2157,402,9,2,2,0.2,True,4.37,18.67,0.0,business,50,50.0
@crypto_neon_0133,Nova Chain,2283,946,26,4,8,1.52,True,3.99,41.44,0.06,crypto,70,67.5
@politics_global_0134,Core Forum,12813,3248,85,0,17,0.2,False,3.84,25.35,0.014,politics,50,49.6
@education_quiet_0135,Peak Lessons,3092,1071,18,2,6,0.2,True,2.57,34.64,0.0,education,60,60.0
@sports_core_0136,Open Sports,2659,152,0,0,0,0.2,False,0.94,5.72,0.697,sports,22.86,13.3
@politics_insider_0137,Alpha Politics,8787,1281,10,0,2,1.69,False,1.42,14.59,0.0,politics,47,47.0
@music_vivid_0138,Global Sound,7952,2717,75,23,23,2.92,True,4.4,34.17,0.0,music,82,82.0
@education_urban_0139,Prime Learn,190,60,1,0,0,0.46,True,4.28,31.78,0.048,education,47,45.6
@gaming_alpha_0140,Neon Quest,2799,1107,32,8,5,26.0,True,4.65,39.56,0.04,gaming,60,58.5
@music_nova_0141,Quiet Tracks,11245,2382,0,0,0,1.22,True,0.05,21.19,0.097,music,41.0,38.6
@crypto_daily_0142,Alpha DeFi,13435,3137,82,24,25,0.02,True,4.33,23.36,0.004,crypto,65,64.9
@politics_vivid_0143,Quiet Politics,1181,527,19,5,2,0.2,True,4.88,44.64,0.091,politics,60,56.7
@news_neon_0144,Alpha Digest,2614,828,35,7,9,1.56,True,6.51,31.68,0.069,news,80,76.7
@crypto_insider_0145,Peak Coins,17684,951,5,0,1,2.15,False,0.97,5.38,0.561,crypto,37.69,25.0
@business_peak_0146,Insider Market,11116,3190,47,0,9,2.97,False,2.1,28.7,0.039,business,60,58.6
@gacha_open_0147,Bright OC,11906,4066,145,0,27,1.65,False,5.0,34.15,0.036,gacha,70,68.5
@lifestyle_quiet_0148,Prime Travel,1762,342,11,0,4,1.29,False,5.16,19.43,0.13,lifestyle,55,50.7
@education_prime_0149,Daily Academy,20686,4913,100,0,27,3.16,False,3.5,23.75,0.097,education,55,51.8
@tech_quiet_0150,Smart AI,1073,309,7,2,3,2.17,True,4.32,28.8,0.08,tech,65,61.9
@news_insider_0151,Quiet News,1890,667,6,0,1,1.96,False,1.25,35.32,0.055,news,55,53.2
@tech_urban_0152,Core Tech,956,333,9,0,2,2.45,False,5.1,34.92,0.019,tech,62,61.3
@sports_global_0153,Quiet Sports,2513,238,2,0,0,0.2,True,1.53,9.5,0.657,sports,29.75,18.0
@entertainment_prime_0154,Daily Vibes,4552,1575,40,0,7,4.59,False,3.83,34.62,0.101,entertainment,55,51.7
@entertainment_prime_0155,Core Fun,799,266,4,1,1,1.93,True,3.23,33.32,0.0,entertainment,67,67.0
@news_daily_0156,Neon Wire,7999,1872,29,0,5,1.35,False,2.55,23.41,0.077,news,57,54.4
@music_vivid_0157,Vivid Beats,907,384,5,0,1,0.93,False,2.19,42.41,0.075,music,52,49.7
@health_nova_0158,Vivid Health,4967,1475,38,0,12,3.44,False,3.61,29.71,0.015,health,50,49.6
@entertainment_vivid_0159,Daily Memes,7562,1231,29,0,9,3.08,False,3.88,16.28,0.115,entertainment,47,43.8
@tech_urban_0160,Open Code,2296,844,13,4,5,2.0,True,2.97,36.79,0.055,tech,70,67.7
@lifestyle_urban_0161,Urban Home,23359,5390,98,0,33,1.51,False,2.94,23.08,0.05,lifestyle,60,58.2
@entertainment_prime_0162,Prime Vibes,215,87,2,0,0,1.54,True,4.41,40.55,0.0,entertainment,57,57.0
@business_alpha_0163,Peak Ventures,6186,865,31,7,6,1.9,True,5.86,13.99,0.035,business,72,70.5
@business_open_0164,Open Capital,5838,1506,46,15,19,4.18,True,5.09,25.81,0.069,business,77,73.8
@crypto_global_0165,Alpha Crypto,14052,3036,79,14,26,2.24,True,3.53,21.61,0.064,crypto,80,76.9
@education_vivid_0166,Alpha Learn,2760,918,5,0,1,0.34,True,0.87,33.28,0.0,education,40,40.0
@tech_global_0167,Prime AI,7615,981,24,5,5,0.2,True,3.94,12.89,0.065,tech,52,50.0
@music_daily_0168,Nova Tracks,1184,507,13,0,2,0.27,False,3.72,42.88,0.125,music,50,46.2
@news_open_0169,Vivid Report,7073,2199,83,0,12,2.38,False,5.2,31.09,0.004,news,67,66.8
@tech_vivid_0170,Global Dev,1295,404,5,0,1,2.49,False,2.29,31.24,0.145,tech,60,54.8
@gaming_core_0171,Vivid Quest,4404,1519,50,0,9,40.0,False,5.43,34.5,0.018,gaming,50,49.5
@news_bright_0172,Neon Digest,24199,1849,10,0,3,0.77,False,0.89,7.64,0.026,news,33.82,33.3
@politics_daily_0173,Peak Policy,12495,2811,74,14,11,1.73,True,3.92,22.5,0.0,politics,80,80.0
@tech_peak_0174,Insider Code,26030,6111,126,26,38,0.2,True,2.79,23.48,0.057,tech,70,67.6
@business_quiet_0175,Insider Capital,13122,1607,12,5,3,0.2,True,1.33,12.25,0.077,business,50,47.7
@anime_global_0176,Vivid Manga,15435,4836,90,0,25,0.16,False,2.94,31.34,0.039,anime,50,48.8
@education_open_0177,Daily Course,1675,398,18,0,3,0.05,False,6.68,23.8,0.037,education,45,44.0
@health_core_0178,Insider Wellness,1346,545,34,8,6,2.74,True,8.72,40.52,0.024,health,80,78.9
@crypto_core_0179,Neon Coins,8961,2982,55,0,10,0.68,False,2.57,33.28,0.06,crypto,57,54.9
@lifestyle_bright_0180,Core Travel,633,270,14,0,2,2.12,False,7.49,42.78,0.1,lifestyle,62,58.3
@crypto_peak_0181,Open Coins,4190,908,20,6,3,2.87,True,3.24,21.69,0.008,crypto,70,69.7
@lifestyle_urban_0182,Core Style,649,137,1,0,0,3.0,False,1.93,21.19,0.098,lifestyle,47,44.2
@business_alpha_0183,Bright Market,6086,253,3,0,1,1.97,False,2.14,4.17,0.465,business,44.08,31.8
@tech_daily_0184,Alpha Code,11562,3707,41,0,8,0.31,False,1.54,32.07,0.085,tech,50,47.4
@lifestyle_urban_0185,Alpha Travel,19498,3334,35,7,9,1.22,True,1.59,17.1,0.054,lifestyle,65,62.9
@entertainment_neon_0186,Peak Laughs,244,20,0,0,0,0.36,True,2.74,8.39,0.497,entertainment,31.19,21.9
@gaming_insider_0187,Open Quest,3246,1195,40,14,16,2.91,True,5.58,36.84,0.065,gaming,85,81.7
@entertainment_smart_0188,Vivid Fun,32578,7387,257,0,71,3.07,False,5.02,22.68,0.135,entertainment,60,55.1
@news_smart_0189,Open News,27121,11340,270,53,106,0.47,True,3.83,41.82,0.053,news,75,72.6
@entertainment_vivid_0190,Insider Laughs,6677,1438,43,0,9,1.26,False,4.26,21.54,0.041,entertainment,57,55.6
@news_global_0191,Open Wire,431,26,0,0,0,0.77,False,4.21,6.04,0.3,news,35.02,28.7
@crypto_urban_0192,Open Crypto,1891,814,34,0,7,0.31,False,6.74,43.08,0.058,crypto,55,53.1
@lifestyle_open_0193,Peak Living,3986,1740,0,0,0,2.35,False,0.06,43.67,0.0,lifestyle,41.2,41.2
@news_bright_0194,Vivid News,1344,375,12,3,2,1.89,True,5.01,27.92,0.018,news,70,69.3
@crypto_core_0195,Daily Crypto,5103,1622,44,0,13,2.06,False,3.91,31.8,0.12,crypto,62,57.6
@entertainment_urban_0196,Bright Memes,1540,653,10,4,3,2.92,True,2.92,42.43,0.066,entertainment,70,67.2
@crypto_open_0197,Daily DeFi,1485,345,7,0,1,1.38,False,3.78,23.3,0.0,crypto,55,55.0
@gaming_neon_0198,Prime Esports,9459,1912,24,4,4,0.42,True,2.12,20.22,0.068,gaming,57,54.7
@business_open_0199,Open Money,21927,3131,75,14,21,0.2,True,3.87,14.28,0.132,business,65,59.9
@lifestyle_insider_0200,Daily Travel,12197,4421,44,8,10,3.19,True,1.73,36.25,0.0,lifestyle,70,70.0
@crypto_daily_0201,Global DeFi,23470,5127,58,0,16,2.21,False,1.74,21.85,0.059,crypto,55,53.1
@crypto_neon_0202,Open Chain,4325,1041,32,0,5,0.2,False,4.93,24.08,0.021,crypto,45,44.4
@entertainment_insider_0203,Daily Vibes,71099,15473,387,0,95,10.9,False,3.77,21.76,0.082,entertainment,47,44.7
@news_smart_0204,Daily Wire,1446,410,12,2,4,1.74,True,4.06,28.39,0.07,news,65,62.3
@business_smart_0205,Open Money,746,309,8,2,1,1.44,True,3.63,41.52,0.019,business,67,66.3
@anime_urban_0206,Vivid Manga,4094,1352,5,0,1,1.44,False,0.61,33.05,0.071,anime,50,47.9
@news_insider_0207,Peak Report,455,197,3,0,1,2.58,True,2.37,43.38,0.086,news,57,54.1
@entertainment_alpha_0208,Daily Fun,1669,581,11,2,2,2.67,True,2.86,34.87,0.073,entertainment,70,66.9
@music_global_0209,Smart Beats,7220,3067,111,37,32,2.92,True,5.81,42.49,0.05,music,87,84.4
@politics_daily_0210,Urban Forum,3980,790,8,0,2,0.88,False,1.47,19.87,0.014,politics,40,39.7
@gacha_vivid_0211,Vivid GLMV,6515,2340,39,6,13,2.32,True,2.47,35.92,0.041,gacha,77,75.1
@news_neon_0212,Alpha Report,120714,19630,653,279,195,0.71,True,5.78,16.26,0.124,news,80,74.0
@education_vivid_0213,Urban Learn,2480,785,29,0,8,0.92,False,6.34,31.66,0.022,education,60,59.2
@tech_peak_0214,Alpha Code,552,194,7,0,1,0.25,False,5.36,35.15,0.045,tech,52,50.6
@gacha_prime_0215,Open GLMV,8496,2259,29,0,7,3.47,False,2.08,26.6,0.066,gacha,52,49.9
@business_peak_0216,Vivid Ventures,7774,1285,3,0,1,2.66,False,0.46,16.54,0.481,business,41.2,29.3
@gaming_alpha_0217,Insider Arena,3847,1499,14,3,4,0.04,True,1.5,38.97,0.058,gaming,50,48.2
@entertainment_global_0218,Global Memes,1324,382,7,1,1,2.17,True,2.56,28.88,0.07,entertainment,65,62.3
@crypto_urban_0219,Peak Coins,955,371,0,0,0,2.84,True,0.06,38.87,0.03,crypto,38.2,37.5
@news_alpha_0220,Vivid News,631,279,11,0,3,2.23,False,6.18,44.25,0.025,news,62,61.1
@sports_urban_0221,Global Sports,28903,3851,122,0,35,1.91,False,4.26,13.32,0.032,sports,55,53.9
@politics_bright_0222,Peak Forum,1764,468,4,0,1,1.65,False,1.59,26.55,0.061,politics,50,48.2
@health_daily_0223,Urban Wellness,38919,13464,20,0,5,1.58,False,0.23,34.6,0.064,health,49.6,47.7
@sports_daily_0224,Urban Match,42870,4408,139,39,27,1.12,True,4.29,10.28,0.029,sports,75,73.7
@crypto_insider_0225,Core Crypto,14760,4501,51,0,12,1.16,False,1.78,30.5,0.061,crypto,60,57.8
@gaming_vivid_0226,Global Games,1138,367,8,0,3,0.54,False,3.91,32.33,0.086,gaming,55,52.2
@lifestyle_vivid_0227,Alpha Living,2714,858,13,3,4,0.18,True,2.21,31.62,0.042,lifestyle,55,53.6
@tech_daily_0228,Open Tech,10853,2437,72,15,10,2.01,True,4.1,22.46,0.093,tech,80,75.5
@gaming_nova_0229,Bright Games,8278,2418,20,0,4,1.4,False,1.47,29.21,0.062,gaming,52,50.1
@tech_bright_0230,Prime AI,6697,591,10,0,3,2.14,False,2.89,8.83,0.502,tech,46.41,32.4
@lifestyle_nova_0231,Smart Travel,1524,652,11,4,2,1.17,True,2.51,42.8,0.023,lifestyle,70,69.1
@entertainment_smart_0232,Daily Vibes,5524,870,7,0,1,1.41,False,1.29,15.76,0.033,entertainment,47,46.1
@business_neon_0233,Alpha Ventures,2791,859,15,3,5,0.79,True,2.76,30.78,0.075,business,65,62.1
@business_neon_0234,Core Capital,3217,1288,14,0,3,2.89,False,1.7,40.06,0.072,business,55,52.6
@sports_nova_0235,Open League,64174,9921,256,0,84,3.67,False,3.76,15.46,0.03,sports,52,51.1
@entertainment_neon_0236,Daily Laughs,22086,9622,254,74,62,2.58,True,4.36,43.57,0.084,entertainment,85,80.7
@news_nova_0237,Global Digest,2006,638,25,0,6,1.81,False,6.82,31.81,0.0,news,65,65.0
@politics_nova_0238,Peak Politics,2314,890,13,0,4,1.08,False,2.28,38.5,0.058,politics,60,57.9
@tech_vivid_0239,Core Code,100,36,1,0,0,1.51,False,7.11,36.39,0.044,tech,62,60.3
@anime_global_0240,Prime Manga,1649,436,6,2,2,0.4,True,2.4,26.5,0.045,anime,55,53.5
@tech_prime_0241,Global Code,544979,160241,1959,308,643,0.92,True,1.91,29.4,0.084,tech,75,71.2
@politics_open_0242,Insider Debate,3033,834,10,0,3,3.78,False,2.06,27.52,0.0,politics,50,50.0
@business_quiet_0243,Open Capital,5149,461,5,0,1,3.36,False,2.26,8.97,0.38,business,41.48,32.0
@lifestyle_vivid_0244,Quiet Living,15166,2081,12,2,4,0.2,True,0.97,13.72,0.082,lifestyle,45,42.8
@gacha_prime_0245,Neon OC,8634,1980,39,0,15,1.98,False,3.29,22.94,0.056,gacha,57,55.1
@gacha_daily_0246,Quiet Gacha,1472,553,20,0,8,1.84,False,6.34,37.6,0.06,gacha,65,62.7
@crypto_insider_0247,Global Crypto,4540,765,16,3,3,3.11,True,3.4,16.86,0.113,crypto,55,51.3
@education_prime_0248,Bright Course,2053,358,9,3,3,4.31,True,4.03,17.45,0.061,education,55,53.0
@news_quiet_0249,Smart Wire,9172,2942,1,0,0,1.06,True,0.05,32.08,0.03,news,43.0,42.2
@crypto_open_0250,Daily Crypto,736,95,0,0,0,1.13,False,0.7,13.01,0.782,crypto,37,19.6
@news_urban_0251,Insider News,1584,242,6,0,1,1.19,False,4.81,15.31,0.33,news,50,40.1
@gaming_bright_0252,Smart Games,24284,8066,92,30,29,1.41,True,2.08,33.22,0.057,gaming,85,82.1
@politics_open_0253,Bright Politics,4204,1670,22,0,4,2.84,False,2.32,39.73,0.0,politics,60,60.0
@music_bright_0254,Open Music,1612,680,28,0,5,1.56,False,6.57,42.24,0.0,music,65,65.0
@tech_global_0255,Smart Tech,873,376,15,6,3,15.9,True,6.75,43.14,0.076,tech,62,59.2
@news_daily_0256,Nova Digest,627,228,4,0,1,23.4,False,2.84,36.49,0.03,news,42,41.2
@news_peak_0257,Insider Digest,7809,1476,26,0,6,2.83,False,2.89,18.91,0.056,news,52,50.3
@business_open_0258,Global Capital,692,260,10,3,2,1.22,True,5.4,37.62,0.0,business,72,72.0
@tech_urban_0259,Open AI,3065,1443,52,0,9,1.29,False,5.96,47.08,0.081,tech,65,61.8
@education_daily_0260,Daily Learn,36902,4732,89,0,21,0.81,False,3.11,12.83,0.408,education,50,37.8
@business_urban_0261,Core Ventures,2747,839,35,0,7,1.83,False,6.46,30.56,0.068,business,65,62.3
@entertainment_quiet_0262,Quiet Memes,1608,627,16,0,4,2.28,False,4.67,39.02,0.045,entertainment,60,58.4
@education_smart_0263,Bright Academy,24211,8407,367,99,59,2.15,True,6.0,34.73,0.037,education,90,88.0
@gaming_peak_0264,Quiet Esports,17288,5666,122,55,31,1.06,True,3.91,32.78,0.047,gaming,85,82.6
@news_core_0265,Alpha Wire,5523,1544,44,0,10,2.73,False,4.95,27.96,0.023,news,57,56.2
@entertainment_vivid_0266,Smart Fun,2884,255,2,0,0,0.2,False,1.66,8.86,0.416,entertainment,29.43,22.1
@business_vivid_0267,Bright Capital,270,91,1,0,0,1.97,True,2.9,34.07,0.013,business,57,56.6
@crypto_urban_0268,Prime Chain,755,251,13,2,3,2.28,True,7.24,33.25,0.047,crypto,72,70.0
@sports_prime_0269,Prime Match,14568,4335,42,9,10,1.29,True,1.41,29.76,0.043,sports,70,68.2
@politics_bright_0270,Neon Forum,992,347,5,0,1,1.28,False,2.08,35.08,0.025,politics,57,56.1
@news_prime_0271,Urban Digest,1477,474,7,0,2,2.87,False,2.57,32.13,0.119,news,60,55.7
@tech_core_0272,Nova Tech,1533,401,6,0,1,0.6,False,2.45,26.19,0.02,tech,50,49.4
@business_vivid_0273,Nova Money,207,67,2,0,0,0.15,False,5.2,32.68,0.081,business,47,44.7
@entertainment_daily_0274,Nova Fun,4530,1854,21,5,3,1.53,True,1.62,40.93,0.083,entertainment,65,61.8
@music_insider_0275,Alpha Music,7230,2434,40,0,12,3.32,False,2.97,33.67,0.018,music,57,56.4
@entertainment_open_0276,Neon Laughs,2692,754,13,0,5,2.78,False,3.15,28.02,0.108,entertainment,55,51.4
@business_daily_0277,Neon Capital,6382,2208,36,0,15,0.2,False,2.85,34.6,0.069,business,52,49.8
@lifestyle_smart_0278,Insider Style,8737,606,6,2,1,0.31,True,1.47,6.94,0.656,lifestyle,40.47,24.5
@business_vivid_0279,Nova Market,14202,720,6,2,1,3.41,True,1.4,5.07,0.745,business,47.54,26.3
@anime_quiet_0280,Nova Otaku,6748,1728,47,10,14,2.29,True,4.26,25.61,0.056,anime,72,69.6
@entertainment_quiet_0281,Insider Vibes,16230,5995,162,0,60,1.48,False,4.16,36.94,0.059,entertainment,65,62.7
@entertainment_peak_0282,Open Memes,1891,678,18,0,4,0.2,False,4.44,35.88,0.06,entertainment,50,48.2
@tech_urban_0283,Nova Tech,1098,328,16,5,2,0.2,True,6.74,29.88,0.001,tech,60,60.0
@tech_core_0284,Alpha Code,15335,1691,6,1,1,2.76,True,0.57,11.03,0.088,tech,55,52.1
@music_nova_0285,Core Tracks,2195,107,1,0,0,0.2,True,2.0,4.9,0.599,music,32.45,20.8
@politics_bright_0286,Neon Forum,9232,3511,84,0,16,4.33,False,3.43,38.04,0.027,politics,57,56.1
@gaming_prime_0287,Quiet Games,4718,1611,41,0,11,2.26,False,3.8,34.15,0.078,gaming,60,57.2
@crypto_insider_0288,Peak DeFi,72813,17084,348,0,107,2.43,False,3.19,23.46,0.038,crypto,62,60.6
@business_peak_0289,Peak Ventures,4835,1766,73,0,16,1.47,False,6.55,36.53,0.039,business,65,63.5
@music_core_0290,Daily Beats,216,93,3,1,0,2.44,True,5.21,43.13,0.096,music,72,67.9
@lifestyle_open_0291,Quiet Style,4430,958,17,0,5,2.2,False,2.78,21.64,0.092,lifestyle,55,52.0
@news_bright_0292,Vivid Report,898,232,7,0,1,0.06,False,4.92,25.94,0.063,news,37,35.6
@business_peak_0293,Smart Capital,813,230,4,0,0,0.01,False,3.14,28.39,0.029,business,37,36.4
@business_core_0294,Prime Capital,444,151,6,1,2,2.37,True,6.41,34.14,0.06,business,72,69.4
@news_daily_0295,Neon Wire,16442,7568,298,74,75,0.2,True,6.1,46.03,0.01,news,80,79.5
@politics_nova_0296,Quiet Policy,1463,378,13,0,2,1.7,False,6.01,25.85,0.063,politics,60,57.7
@entertainment_core_0297,Alpha Fun,6180,1715,63,20,23,1.61,True,6.49,27.76,0.068,entertainment,82,78.7
@sports_prime_0298,Neon League,779,228,5,1,1,0.97,True,3.04,29.3,0.049,sports,57,55.3
@politics_quiet_0299,Open Forum,295,151,1,0,0,3.2,True,1.17,51.46,0.053,politics,52,50.3
@education_smart_0300,Prime Learn,5054,1359,48,0,10,1.01,False,5.61,26.9,0.026,education,62,61.0
@entertainment_smart_0301,Urban Laughs,7898,1680,44,8,11,2.25,True,3.65,21.28,0.026,entertainment,72,70.9
@tech_core_0302,Daily Dev,13944,4619,54,0,14,2.73,False,2.11,33.13,0.0,tech,65,65.0
@gaming_core_0303,Nova Arena,152030,53907,1392,464,256,0.46,True,4.21,35.46,0.047,gaming,80,77.7
@entertainment_neon_0304,Insider Memes,100,40,1,0,0,1.88,True,7.17,40.55,0.073,entertainment,62,59.3
@music_bright_0305,Quiet Music,7930,2034,34,10,13,2.38,True,2.99,25.65,0.048,music,72,69.9
@politics_global_0306,Open Politics,15176,5464,82,0,16,1.17,False,2.01,36.01,0.034,politics,65,63.7
@lifestyle_bright_0307,Peak Home,763,191,8,0,3,1.04,False,6.93,25.05,0.0,lifestyle,57,57.0
@lifestyle_bright_0308,Daily Home,613,153,3,1,0,0.34,True,3.44,25.02,0.083,lifestyle,52,49.4
@tech_urban_0309,Neon Code,4697,1679,31,0,4,26.8,False,2.62,35.77,0.0,tech,45,45.0
@gaming_prime_0310,Quiet Esports,2724,187,4,0,1,2.49,False,3.78,6.88,0.469,gaming,43.44,31.2
@crypto_nova_0311,Neon DeFi,527,182,5,0,1,0.62,False,5.74,34.57,0.032,crypto,57,55.9
@news_daily_0312,Vivid Digest,1001,376,7,0,2,1.85,False,3.7,37.57,0.129,news,60,55.4
@crypto_smart_0313,Global Coins,451,145,2,0,0,0.14,False,2.82,32.27,0.049,crypto,42,40.8
@gaming_smart_0314,Daily Arena,53419,19552,291,0,59,1.78,False,2.1,36.6,0.03,gaming,67,65.8
@business_quiet_0315,Global Ventures,4425,945,27,8,4,0.69,True,4.4,21.36,0.039,business,65,63.5
@gaming_global_0316,Prime Quest,2646,1057,25,7,5,0.05,True,3.24,39.97,0.064,gaming,60,57.7
@tech_neon_0317,Alpha Code,230,64,1,0,0,1.86,False,2.48,28.17,0.098,tech,52,48.9
@tech_open_0318,Insider AI,573,217,6,1,1,1.08,True,4.26,37.89,0.083,tech,67,63.7
@tech_neon_0319,Global Tech,1545,535,9,1,2,2.74,True,2.43,34.69,0.025,tech,70,69.0
@entertainment_smart_0320,Peak Fun,3110,711,5,1,1,2.85,True,0.97,22.87,0.063,entertainment,55,52.9
@education_vivid_0321,Vivid Course,1957,532,16,0,4,12.0,False,4.24,27.21,0.099,education,40,37.6
@business_alpha_0322,Vivid Ventures,14756,3818,95,17,26,0.11,True,4.4,25.88,0.0,business,65,65.0
@music_alpha_0323,Daily Beats,5021,2158,50,15,13,0.98,True,3.45,42.99,0.132,music,77,70.9
@entertainment_core_0324,Alpha Memes,1513,596,18,6,4,1.73,True,5.01,39.44,0.091,entertainment,80,75.6
@news_vivid_0325,Global News,303,97,2,0,0,1.43,False,4.33,32.22,0.0,news,57,57.0
@sports_nova_0326,Daily Match,12147,3887,74,25,22,2.74,True,2.98,32.0,0.021,sports,85,83.9
@news_quiet_0327,Nova Report,12036,3232,112,0,23,1.84,False,4.89,26.86,0.02,news,60,59.3
@sports_core_0328,Peak League,1681,507,15,5,2,0.69,True,5.41,30.2,0.101,sports,70,65.8
@gaming_bright_0329,Vivid Esports,1564,419,6,0,2,20.8,False,2.65,26.84,0.097,gaming,40,37.7
@gaming_neon_0330,Peak Games,1339,482,9,0,1,1.54,False,2.76,36.0,0.108,gaming,60,56.1
@business_neon_0331,Nova Capital,1114,231,3,0,1,2.69,True,2.32,20.78,0.081,business,55,52.3
@gaming_nova_0332,Vivid Arena,30643,11687,363,103,72,2.31,True,4.37,38.14,0.06,gaming,85,81.9
@business_insider_0333,Quiet Market,957,411,7,0,3,1.78,False,3.32,43.02,0.085,business,57,54.1
@business_vivid_0334,Smart Capital,4164,319,2,0,0,2.28,False,1.38,7.68,0.562,business,38.84,25.7
@education_nova_0335,Alpha Academy,1965,208,1,0,0,1.99,False,1.15,10.62,0.509,education,45,31.3
@tech_core_0336,Core Code,21825,6073,177,25,36,0.3,True,4.23,27.83,0.042,tech,70,68.2
@lifestyle_neon_0337,Peak Home,18471,3786,178,34,47,27.0,True,6.73,20.5,0.044,lifestyle,70,68.2
@education_smart_0338,Vivid Course,27597,4429,82,0,20,1.39,False,3.16,16.05,0.037,education,55,53.8
@crypto_global_0339,Prime DeFi,3663,994,16,0,3,1.42,False,2.25,27.14,0.084,crypto,55,52.2
@crypto_alpha_0340,Global Chain,54090,15068,155,0,34,1.68,False,1.72,27.86,0.021,crypto,57,56.3
@news_daily_0341,Nova Wire,883,84,1,0,0,0.2,False,2.46,9.57,0.379,news,31.78,24.5
@lifestyle_open_0342,Smart Home,8963,2708,35,6,10,2.15,True,1.87,30.22,0.05,lifestyle,72,69.8
@news_urban_0343,Smart Digest,1045,310,5,0,1,2.89,False,2.25,29.75,0.048,news,55,53.4
@crypto_bright_0344,Nova Crypto,9662,1580,40,0,8,3.35,False,3.61,16.36,0.023,crypto,47,46.4
@sports_peak_0345,Urban Arena,1818,704,8,2,2,2.02,True,2.23,38.73,0.082,sports,70,66.6
@tech_prime_0346,Global Code,4872,1775,43,16,11,1.58,True,3.88,36.44,0.031,tech,80,78.5
@news_vivid_0347,Open News,4240,313,2,0,0,0.2,True,1.16,7.4,0.565,news,28.7,19.0
@crypto_daily_0348,Urban Crypto,11403,604,3,1,1,3.77,True,1.02,5.31,0.716,crypto,47.65,27.2
@news_insider_0349,Bright Wire,314896,81981,1489,0,320,13.6,False,3.02,26.03,0.06,news,50,48.2
@lifestyle_neon_0350,Vivid Travel,2482,531,10,0,2,2.19,False,3.04,21.4,0.099,lifestyle,55,51.7
@news_bright_0351,Open News,20194,3352,81,23,21,0.77,True,3.77,16.6,0.038,news,70,68.4
@tech_neon_0352,Bright Tech,9553,2150,60,18,15,0.2,True,4.25,22.51,0.075,tech,67,64.0
@music_prime_0353,Global Beats,418930,33093,429,133,137,0.2,True,1.92,7.9,0.092,music,58.95,55.7
@tech_alpha_0354,Quiet Tech,933,296,10,3,4,2.59,True,5.64,31.76,0.082,tech,72,68.4
@business_bright_0355,Nova Ventures,100,25,0,0,0,0.16,True,2.59,25.3,0.022,business,37,36.5
@entertainment_smart_0356,Smart Vibes,2720,966,9,0,2,2.27,False,1.63,35.54,0.035,entertainment,55,53.8
@politics_nova_0357,Neon Forum,23597,5623,149,22,35,0.08,True,3.75,23.83,0.115,politics,65,60.5
@tech_quiet_0358,Neon Code,2593,504,6,1,2,1.26,True,1.95,19.46,0.072,tech,55,52.6
@tech_smart_0359,Quiet Code,5094,1492,20,7,4,0.2,True,2.32,29.3,0.08,tech,62,59.0
@health_prime_0360,Open Care,868,256,8,2,1,0.46,True,4.75,29.59,0.0,health,52,52.0
@politics_neon_0361,Global Forum,9755,3028,62,0,13,2.8,False,3.23,31.05,0.095,politics,62,58.5
@tech_open_0362,Nova AI,1609,375,11,0,3,2.98,False,5.08,23.32,0.052,tech,60,58.1
@news_daily_0363,Open News,674,407,9,0,2,0.2,False,3.25,60.52,0.045,news,52,50.6
@lifestyle_quiet_0364,Peak Home,2202,944,22,6,6,2.56,True,3.97,42.9,0.047,lifestyle,75,72.9
@entertainment_vivid_0365,Insider Vibes,25376,7079,2,0,0,0.21,False,0.05,27.9,0.062,entertainment,31.0,29.8
@crypto_daily_0366,Global Chain,5147,1734,78,21,21,2.58,True,6.85,33.69,0.048,crypto,87,84.5
@lifestyle_smart_0367,Quiet Home,1842,767,16,0,4,1.13,False,3.6,41.64,0.098,lifestyle,60,56.5
@gaming_insider_0368,Alpha Games,17059,2233,76,23,23,2.57,True,5.91,13.1,0.071,gaming,80,76.6
@business_daily_0369,Insider Capital,3450,172,0,0,0,0.43,True,0.03,4.99,0.521,business,13.1,9.0
@politics_open_0370,Vivid Forum,594,186,1,0,0,1.31,False,1.09,31.32,0.05,politics,52,50.4
@entertainment_smart_0371,Neon Memes,802,241,11,3,3,0.5,True,6.27,30.07,0.094,entertainment,67,63.2
@gaming_open_0372,Open Games,13243,3082,118,41,41,0.85,True,5.99,23.27,0.0,gaming,80,80.0
@crypto_vivid_0373,Vivid Crypto,7044,2642,87,31,23,0.2,True,5.73,37.51,0.026,crypto,77,75.8
@news_nova_0374,Bright Digest,1205,454,11,3,3,1.8,True,3.83,37.76,0.0,news,70,70.0
@education_global_0375,Core Lessons,317,96,0,0,0,2.94,False,0.87,30.48,0.057,education,47,45.4
@news_open_0376,Global Digest,1340,429,12,0,3,1.01,False,4.36,32.03,0.029,news,60,59.0
@tech_nova_0377,Vivid Tech,193,66,2,0,0,0.07,False,4.76,34.67,0.021,tech,42,41.5
@gaming_core_0378,Neon Esports,1543,158,0,0,0,2.76,True,0.69,10.3,0.451,gaming,40,29.2
@entertainment_urban_0379,Open Vibes,5346,2012,23,0,3,1.79,False,1.55,37.64,0.085,entertainment,57,54.1
@lifestyle_insider_0380,Alpha Home,6819,1550,39,16,7,0.03,True,4.34,22.74,0.054,lifestyle,62,60.0
@music_nova_0381,Core Sound,20496,1867,49,0,18,2.04,False,4.37,9.11,0.044,music,49.56,48.3
@tech_quiet_0382,Smart AI,685,301,7,2,1,33.8,True,4.07,44.03,0.039,tech,52,50.8
@crypto_neon_0383,Alpha Crypto,15007,3902,55,10,10,0.07,True,2.33,26.01,0.131,crypto,60,55.3
@business_smart_0384,Alpha Market,2946,911,29,5,9,4.13,True,5.37,30.95,0.043,business,70,68.2
@crypto_insider_0385,Daily Coins,3883,1305,39,0,7,0.38,False,4.61,33.61,0.056,crypto,50,48.3
@entertainment_peak_0386,Vivid Vibes,4785,1658,30,0,11,1.72,False,2.94,34.66,0.083,entertainment,60,57.0
@crypto_urban_0387,Core Crypto,100,27,0,0,0,0.2,True,3.09,27.74,0.091,crypto,42,39.7
@business_insider_0388,Vivid Capital,1760,600,20,0,3,4.37,False,5.09,34.15,0.058,business,60,57.9
@business_global_0389,Insider Capital,2974,1142,15,0,4,1.24,False,1.85,38.41,0.0,business,55,55.0
@politics_nova_0390,Quiet Debate,10232,3585,50,0,15,2.86,False,2.18,35.05,0.096,politics,65,61.3
@entertainment_neon_0391,Global Vibes,3496,155,0,0,0,3.39,False,0.89,4.45,0.554,entertainment,27.23,18.2
@business_nova_0392,Urban Ventures,43154,8013,267,0,94,1.98,False,4.85,18.57,0.101,business,55,51.7
@lifestyle_quiet_0393,Core Style,7700,2132,67,0,15,3.76,False,4.53,27.7,0.002,lifestyle,52,51.9
@music_bright_0394,Neon Beats,40218,9424,350,118,88,2.5,True,5.6,23.43,0.036,music,85,83.1
@business_insider_0395,Bright Money,5362,1265,17,4,4,0.21,True,2.16,23.61,0.034,business,57,55.9
@health_alpha_0396,Urban Fit,100,23,0,0,0,3.01,False,0.99,23.27,0.064,health,37,35.6
@health_urban_0397,Core Care,120519,21849,7,2,1,3.34,True,0.05,18.13,0.009,health,46.0,45.7
@music_quiet_0398,Quiet Beats,2453,1001,6,1,2,12.3,True,1.07,40.81,0.043,music,50,48.7
@politics_open_0399,Vivid Politics,30652,10452,243,70,71,1.73,True,3.74,34.1,0.063,politics,85,81.8
@tech_insider_0400,Quiet AI,17028,2288,15,4,2,2.1,True,1.06,13.44,0.033,tech,60,58.8
@music_alpha_0401,Urban Sound,663,89,2,0,0,0.9,False,3.93,13.46,0.034,music,42,41.1
@anime_alpha_0402,Daily Manga,30429,6143,133,35,34,1.89,True,3.6,20.19,0.017,anime,80,79.2
@health_alpha_0403,Bright Health,4357,1009,23,0,4,0.79,False,3.12,23.18,0.054,health,50,48.4
@news_prime_0404,Global Report,834,282,9,0,1,0.03,False,5.33,33.9,0.015,news,47,46.6
@music_neon_0405,Quiet Beats,100,33,0,0,0,1.94,False,3.17,33.14,0.051,music,57,55.3
@anime_prime_0406,Bright Anime,9101,369,3,0,0,0.2,False,1.19,4.05,0.608,anime,29.03,18.4
@crypto_prime_0407,Vivid Crypto,7670,2146,68,17,18,0.2,True,4.78,27.99,0.065,crypto,67,64.4
@crypto_neon_0408,Smart Coins,100,40,0,0,0,3.0,False,2.47,40.65,0.094,crypto,57,53.8
@health_prime_0409,Global Fit,87673,29548,980,183,223,2.56,True,4.83,33.7,0.067,health,87,83.5
@health_nova_0410,Quiet Health,12551,4383,26,3,7,2.51,True,0.8,34.92,0.069,health,65,62.3
@education_urban_0411,Quiet Lessons,2006,804,3,0,1,0.64,True,0.54,40.12,0.029,education,45,44.2
@entertainment_open_0412,Insider Vibes,10357,3558,1,0,0,3.03,False,0.05,34.36,0.064,entertainment,41.0,39.4
@crypto_bright_0413,Global DeFi,6462,1952,0,0,0,1.96,True,0.05,30.22,0.085,crypto,43.0,40.8
@lifestyle_alpha_0414,Nova Home,100,31,1,0,0,1.74,True,6.47,31.53,0.051,lifestyle,62,60.1
@tech_neon_0415,Prime Dev,5319,1148,11,0,4,2.11,False,1.62,21.59,0.064,tech,52,50.0
@tech_peak_0416,Peak Code,13813,3124,64,15,22,0.98,True,3.56,22.62,0.0,tech,75,75.0
@entertainment_global_0417,Prime Memes,1011,314,9,3,1,0.94,True,5.19,31.16,0.021,entertainment,70,69.1
@tech_quiet_0418,Global Tech,1598,465,13,0,2,1.64,False,4.73,29.11,0.016,tech,55,54.5
@news_peak_0419,Alpha Wire,11914,4954,104,36,32,1.16,True,3.55,41.58,0.088,news,85,80.5
@news_smart_0420,Urban Digest,194713,2144,7,0,1,1.48,False,0.48,1.1,0.586,news,40.15,26.0
@entertainment_open_0421,Urban Memes,1027,296,10,2,3,1.6,True,5.91,28.86,0.0,entertainment,70,70.0
@news_insider_0422,Urban Digest,3098,1183,20,0,6,4.01,False,2.5,38.22,0.045,news,55,53.5
@news_neon_0423,Insider Digest,1383,633,16,0,4,2.12,False,3.68,45.79,0.006,news,60,59.8
@gaming_bright_0424,Vivid Arena,51403,13136,393,168,104,3.8,True,5.21,25.56,0.049,gaming,82,79.6
@sports_bright_0425,Urban Match,1405,355,8,2,1,0.88,True,3.78,25.29,0.024,sports,60,59.1
@crypto_global_0426,Quiet Crypto,31080,12186,385,86,121,2.18,True,4.52,39.21,0.044,crypto,85,82.8
@education_bright_0427,Open Academy,4633,1119,24,0,5,0.12,False,3.29,24.15,0.0,education,40,40.0
@entertainment_alpha_0428,Neon Memes,813,183,4,0,1,0.91,False,4.17,22.54,0.099,entertainment,47,44.2
@tech_nova_0429,Alpha Dev,2697,636,18,6,4,3.18,True,4.6,23.59,0.019,tech,65,64.3
@crypto_smart_0430,Quiet Coins,4645,1448,43,0,14,2.26,False,4.11,31.18,0.048,crypto,60,58.3
@politics_urban_0431,Peak Politics,1962,696,29,0,6,2.8,False,5.65,35.49,0.12,politics,65,60.3
@lifestyle_global_0432,Peak Living,5227,1516,8,2,2,2.62,True,0.85,29.02,0.026,lifestyle,57,56.1
@gaming_vivid_0433,Alpha Arena,9545,2405,34,0,5,4.17,False,2.1,25.2,0.0,gaming,52,52.0
@crypto_smart_0434,Daily Crypto,1187,390,10,2,2,0.2,True,3.53,32.93,0.045,crypto,60,58.4
@tech_global_0435,Bright Dev,725,218,3,0,0,4.61,False,2.37,30.08,0.078,tech,52,49.6
@news_bright_0436,Alpha Report,293,135,4,0,0,0.55,False,5.15,46.37,0.0,news,57,57.0
@sports_alpha_0437,Global Match,3427,1374,29,0,9,2.49,False,3.09,40.12,0.106,sports,60,56.2
@lifestyle_neon_0438,Bright Home,2070,714,25,3,7,0.2,True,4.88,34.51,0.075,lifestyle,60,57.3
@news_quiet_0439,Neon News,5205,1691,52,12,13,0.2,True,5.31,32.49,0.059,news,77,74.3
@health_alpha_0440,Nova Fit,41399,10998,245,0,82,1.87,False,3.24,26.57,0.08,health,60,57.1
@education_insider_0441,Vivid Learn,993,313,3,0,0,0.2,True,1.62,31.57,0.037,education,42,41.1
@sports_smart_0442,Nova Match,26975,7574,113,20,24,36.9,True,2.67,28.08,0.073,sports,65,62.2
@politics_bright_0443,Bright Policy,4653,1368,21,4,5,2.0,True,2.49,29.41,0.107,politics,65,60.8
@news_peak_0444,Global Digest,5500,2166,49,10,20,0.55,True,3.81,39.4,0.048,news,72,69.9
@education_open_0445,Core Course,7546,2269,4,0,0,0.86,False,0.3,30.08,0.096,education,43.0,40.5
@music_global_0446,Bright Sound,960,387,15,0,5,0.01,False,6.25,40.33,0.019,music,47,46.5
@health_peak_0447,Peak Fit,2542,593,9,2,2,0.03,True,2.19,23.35,0.086,health,50,47.4
@politics_urban_0448,Global Policy,15033,1027,0,0,0,3.23,False,0.03,6.83,0.471,politics,24.02,17.2
@crypto_urban_0449,Neon Crypto,19347,4827,17,4,5,33.9,True,0.61,24.95,0.116,crypto,45,41.9
@business_smart_0450,Peak Money,1616,552,14,3,2,4.13,True,3.74,34.16,0.073,business,65,62.2
@business_daily_0451,Smart Capital,480,94,4,0,1,0.2,False,6.42,19.67,0.011,business,42,41.7
@news_alpha_0452,Quiet Digest,986,249,9,3,2,1.42,True,5.44,25.26,0.0,news,67,67.0
@news_peak_0453,Nova News,2055,602,12,0,2,1.79,False,2.99,29.34,0.0,news,55,55.0
@news_urban_0454,Neon Report,3310,1467,73,0,11,0.2,False,6.83,44.34,0.021,news,55,54.3
@crypto_daily_0455,Nova Chain,21083,6584,112,0,33,24.0,False,2.82,31.23,0.064,crypto,50,48.1
@entertainment_prime_0456,Peak Vibes,1676,644,23,0,7,3.28,False,4.97,38.44,0.037,entertainment,55,53.8
@sports_vivid_0457,Daily Arena,1759,634,10,0,2,1.1,False,2.21,36.07,0.027,sports,60,59.0
@news_bright_0458,Smart News,867,31,0,0,0,0.15,True,2.0,3.6,0.697,news,23.8,13.9
@entertainment_smart_0459,Quiet Memes,2357,691,15,0,5,1.91,False,3.74,29.35,0.038,entertainment,55,53.7
@lifestyle_smart_0460,Prime Living,108,20,0,0,0,2.44,True,4.71,19.2,0.0,lifestyle,47,47.0
@education_vivid_0461,Urban Course,7181,1218,17,4,3,0.78,True,2.4,16.96,0.08,education,57,54.3
@tech_peak_0462,Prime Tech,1492,498,15,0,5,1.36,False,4.24,33.4,0.0,tech,60,60.0
@news_vivid_0463,Urban Report,1387,247,6,1,1,1.71,True,3.72,17.85,0.0,news,60,60.0
@gaming_global_0464,Peak Esports,974,499,11,3,2,0.41,True,3.77,51.25,0.055,gaming,62,60.0
@crypto_vivid_0465,Alpha DeFi,1309,299,1,0,0,0.2,False,0.72,22.87,0.068,crypto,35,33.6
@music_prime_0466,Core Beats,4874,1154,43,17,17,1.4,True,6.13,23.68,0.079,music,80,76.2
@health_global_0467,Smart Health,5842,1343,62,0,11,20.2,False,6.46,22.99,0.03,health,47,46.1
@tech_insider_0468,Prime Dev,6336,1683,5,0,1,0.83,False,0.51,26.57,0.099,tech,42,39.5
@anime_smart_0469,Open Otaku,429,125,2,0,0,0.06,False,3.13,29.19,0.073,anime,37,35.4
@music_neon_0470,Core Music,1158,287,11,2,2,0.61,True,5.75,24.81,0.023,music,65,64.1
@business_smart_0471,Bright Market,47717,13951,155,0,26,0.74,False,1.55,29.24,0.067,business,50,48.0
@news_global_0472,Prime News,536,156,2,0,0,2.32,True,2.86,29.14,0.061,news,52,50.1
@crypto_insider_0473,Open Crypto,45923,14562,32,0,11,1.01,False,0.38,31.71,0.0,crypto,52.6,52.6
@health_neon_0474,Smart Fit,651,153,1,0,0,1.18,False,1.43,23.6,0.065,health,47,45.2
@crypto_vivid_0475,Prime Coins,509,152,4,1,1,1.24,True,4.21,30.05,0.045,crypto,67,65.2
@news_global_0476,Insider Digest,4658,1235,36,0,13,1.61,False,4.34,26.53,0.105,news,55,51.5
@gacha_core_0477,Insider OC,352,148,0,0,0,16.7,False,0.06,42.26,0.002,gacha,23.2,23.2
@gaming_core_0478,Insider Games,14693,4049,131,30,43,2.88,True,5.04,27.56,0.042,gaming,85,82.9
@education_neon_0479,Open Course,4423,2527,146,0,32,2.56,False,8.41,57.14,0.058,education,70,67.5
@entertainment_bright_0480,Smart Laughs,1058,193,6,0,1,1.31,False,5.3,18.27,0.06,entertainment,55,53.0
@entertainment_vivid_0481,Neon Fun,13699,3745,118,34,37,3.78,True,4.44,27.34,0.02,entertainment,75,74.1
@lifestyle_bright_0482,Peak Style,1518,431,11,3,2,1.27,True,4.01,28.39,0.045,lifestyle,65,63.3
@sports_bright_0483,Nova Match,28683,7555,210,67,37,0.18,True,4.1,26.34,0.025,sports,65,64.0
@business_daily_0484,Vivid Ventures,2215,671,21,6,8,1.73,True,5.46,30.3,0.087,business,80,75.8
@crypto_global_0485,Quiet Chain,14250,3629,160,31,30,0.13,True,6.24,25.47,0.069,crypto,70,67.1
@entertainment_insider_0486,Peak Laughs,38719,8560,188,72,53,1.65,True,3.47,22.11,0.101,entertainment,80,75.1
@crypto_insider_0487,Global Chain,16186,6112,74,14,28,2.14,True,2.05,37.76,0.082,crypto,85,80.8
@business_neon_0488,Daily Market,32053,6511,21,0,4,0.54,False,0.45,20.31,0.029,business,44.0,43.2
@entertainment_vivid_0489,Core Memes,1685,613,2,0,0,2.76,True,0.7,36.43,0.008,entertainment,50,49.8
@entertainment_vivid_0490,Urban Memes,1950,258,1,0,0,3.53,True,0.68,13.24,0.679,entertainment,35,20.7
@business_global_0491,Peak Ventures,65506,8181,281,86,64,1.35,True,4.67,12.49,0.023,business,77,75.9
@business_alpha_0492,Urban Market,20995,5566,137,0,49,3.66,False,4.47,26.51,0.016,business,55,54.5
@news_insider_0493,Neon Report,1614,571,16,2,2,0.27,True,3.99,35.4,0.017,news,60,59.4
@news_quiet_0494,Neon Digest,582,185,8,0,2,1.67,False,6.59,31.87,0.042,news,62,60.4
@politics_neon_0495,Prime Politics,2380,861,20,7,5,1.95,True,3.44,36.21,0.0,politics,75,75.0
@lifestyle_prime_0496,Nova Travel,67532,25539,7,3,1,23.0,True,0.05,37.82,0.058,lifestyle,43.0,41.5
@business_alpha_0497,Smart Ventures,13438,4373,150,0,57,1.54,False,5.5,32.55,0.022,business,70,69.1
@business_vivid_0498,Open Market,13574,2229,84,29,26,0.39,True,5.73,16.42,0.042,business,70,68.2
@tech_insider_0499,Core Dev,2203,607,20,6,7,2.05,True,5.6,27.57,0.029,tech,75,73.7
@news_global_0500,Neon News,100,40,1,0,0,0.03,True,5.75,40.63,0.033,news,47,46.1
@crypto_bright_0501,Alpha DeFi,1530,555,14,0,2,2.81,False,3.73,36.3,0.0,crypto,60,60.0
@politics_alpha_0502,Bright Policy,847,282,11,2,4,0.43,True,5.87,33.34,0.067,politics,62,59.5
@crypto_nova_0503,Urban Crypto,293,124,1,0,0,1.82,False,1.34,42.45,0.128,crypto,52,48.0
@business_quiet_0504,Core Money,6813,1733,19,3,5,1.5,True,1.53,25.44,0.083,business,62,58.9
@lifestyle_core_0505,Global Travel,7366,1690,14,0,2,0.02,False,1.25,22.95,0.056,lifestyle,37,35.8
@news_insider_0506,Nova Digest,1654,368,18,6,5,3.3,True,7.35,22.3,0.05,news,70,67.9
@health_smart_0507,Prime Wellness,2953,731,19,3,4,31.0,True,4.21,24.76,0.087,health,50,47.4
@crypto_vivid_0508,Neon Coins,11617,3938,136,34,32,0.2,True,5.34,33.91,0.067,crypto,80,76.8
@business_core_0509,Core Market,6480,392,2,0,0,0.2,False,1.04,6.06,0.412,business,30.03,22.6
@lifestyle_smart_0510,Vivid Style,1691,376,12,1,2,2.46,True,4.76,22.26,0.029,lifestyle,65,63.9
@entertainment_vivid_0511,Global Fun,4993,1532,41,0,11,1.26,False,4.9,30.7,0.03,entertainment,60,58.9
@crypto_core_0512,Global Coins,2451,125,0,0,0,0.84,True,0.72,5.14,0.492,crypto,27.57,19.4
@anime_bright_0513,Prime Sakura,2977,1225,24,0,4,3.42,False,2.89,41.17,0.025,anime,55,54.2
@news_nova_0514,Global Digest,530,34,0,0,0,0.98,True,3.39,6.46,0.487,news,35.23,24.9
@gaming_urban_0515,Peak Arena,3303,1570,33,11,9,12.8,True,3.01,47.54,0.046,gaming,65,63.2
@health_neon_0516,Urban Wellness,8878,1304,21,9,8,1.73,True,2.89,14.7,0.078,health,67,63.9
@music_vivid_0517,Alpha Sound,593,20,0,0,0,2.22,True,3.62,3.48,0.416,music,38.74,29.1
@lifestyle_peak_0518,Open Living,7924,2705,61,0,13,1.76,False,3.83,34.15,0.026,lifestyle,62,61.0
@movies_alpha_0519,Nova Screen,5617,379,5,2,1,3.83,True,2.56,6.76,0.52,movies,50.38,34.7
@entertainment_daily_0520,Nova Fun,10913,3364,102,0,41,0.04,False,5.26,30.83,0.052,entertainment,55,53.3
@news_quiet_0521,Core Report,1953,874,10,0,3,1.41,False,1.95,44.78,0.073,news,55,52.6
@gaming_bright_0522,Prime Quest,761,248,8,2,2,1.44,True,5.18,32.62,0.093,gaming,72,68.0
@business_vivid_0523,Alpha Money,4115,1240,21,8,4,1.96,True,2.78,30.15,0.08,business,75,71.4
@education_urban_0524,Nova Academy,36497,5248,146,0,24,17.7,False,4.27,14.38,0.046,education,40,38.9
@politics_quiet_0525,Insider Debate,36741,8034,154,0,48,2.05,False,2.98,21.87,0.105,politics,60,56.2
@news_nova_0526,Smart Report,149,41,0,0,0,1.84,True,0.6,27.69,0.0,news,42,42.0
@politics_prime_0527,Neon Policy,146,62,1,0,0,0.2,True,3.53,42.61,0.031,politics,47,46.1
@entertainment_daily_0528,Core Fun,1209,350,8,1,2,0.2,True,3.48,28.98,0.036,entertainment,55,53.8
@crypto_urban_0529,Nova DeFi,11231,3203,111,0,22,0.85,False,5.9,28.52,0.009,crypto,60,59.7
@politics_smart_0530,Peak Debate,825,357,9,1,3,2.64,True,4.73,43.34,0.027,politics,67,65.9
@entertainment_insider_0531,Alpha Memes,2703,910,27,0,4,0.14,False,4.48,33.67,0.069,entertainment,45,43.1
@entertainment_neon_0532,Core Laughs,5617,1357,53,0,13,1.4,False,6.41,24.16,0.002,entertainment,62,61.9
@entertainment_alpha_0533,Quiet Fun,11128,1869,25,0,7,2.39,False,1.93,16.8,0.101,entertainment,50,47.0
@health_neon_0534,Alpha Wellness,13809,4430,1,0,0,1.55,False,0.05,32.09,0.054,health,46.0,44.5
@news_prime_0535,Vivid Wire,5597,1676,32,12,8,32.4,True,3.11,29.95,0.099,news,62,58.3
@health_global_0536,Open Health,539,177,4,0,0,0.96,True,4.12,32.92,0.036,health,52,50.9
@news_peak_0537,Smart News,871,354,6,0,1,3.6,False,2.68,40.66,0.074,news,52,49.7
@business_peak_0538,Insider Market,5978,2124,22,9,5,11.2,True,1.74,35.54,0.058,business,57,55.0
@entertainment_core_0539,Quiet Vibes,12441,2644,103,18,23,0.01,True,5.35,21.26,0.046,entertainment,70,68.1
@entertainment_daily_0540,Insider Laughs,42170,994,15,2,5,0.56,True,2.53,2.36,0.475,entertainment,51.18,36.6
@business_daily_0541,Smart Ventures,87873,12977,141,38,23,2.44,True,1.72,14.77,0.012,business,72,71.5
@lifestyle_peak_0542,Peak Travel,25791,5954,67,15,19,25.4,True,1.6,23.09,0.016,lifestyle,60,59.4
@gaming_insider_0543,Quiet Arena,29094,3270,131,0,45,35.3,False,6.01,11.24,0.042,gaming,45,43.9
@tech_core_0544,Peak Tech,904,333,7,3,1,1.42,True,3.82,36.95,0.007,tech,67,66.7
@entertainment_prime_0545,Quiet Laughs,8579,2971,33,0,4,2.47,False,1.56,34.63,0.046,entertainment,57,55.4
@crypto_core_0546,Nova Crypto,1110,455,9,0,3,28.9,False,3.27,40.99,0.0,crypto,45,45.0
@business_urban_0547,Daily Money,9931,811,14,4,5,2.06,True,3.11,8.17,0.0,business,56.09,56.1
@news_core_0548,Open Digest,934,329,3,0,1,0.2,False,2.03,35.24,0.032,news,47,46.1
@business_insider_0549,Global Capital,8507,1432,44,0,16,2.04,False,5.11,16.84,0.092,business,57,53.9
@news_vivid_0550,Neon Digest,1705,674,17,0,5,2.35,False,4.05,39.55,0.0,news,60,60.0
@news_urban_0551,Neon Digest,4414,899,16,3,5,3.46,True,3.09,20.38,0.06,news,60,57.8
@business_prime_0552,Insider Capital,8492,3423,56,0,15,1.93,False,2.85,40.32,0.039,business,62,60.5
@education_urban_0553,Nova Learn,1534,519,10,3,2,1.17,True,3.05,33.88,0.1,education,70,65.8
@tech_nova_0554,Bright Code,19610,5353,194,70,57,1.19,True,5.36,27.3,0.039,tech,85,83.0
@politics_daily_0555,Insider Debate,4188,1124,28,0,10,2.37,False,4.6,26.85,0.036,politics,55,53.8
@education_insider_0556,Core Lessons,397,131,2,0,0,1.14,False,3.15,33.09,0.044,education,57,55.5
@lifestyle_neon_0557,Vivid Style,5839,1628,30,0,7,0.03,False,2.94,27.89,0.05,lifestyle,42,40.7
@business_open_0558,Smart Ventures,6296,1866,35,0,13,0.2,False,3.47,29.65,0.054,business,47,45.5
@education_nova_0559,Insider Learn,10962,2887,102,0,34,0.08,False,5.87,26.34,0.021,education,50,49.4
@entertainment_daily_0560,Daily Fun,3159,693,20,0,7,3.23,False,4.36,21.95,0.016,entertainment,50,49.5
@tech_daily_0561,Core Dev,913,350,5,2,1,2.61,True,2.9,38.4,0.072,tech,67,64.1
@lifestyle_bright_0562,Alpha Living,15813,2692,71,0,13,1.32,False,3.63,17.03,0.051,lifestyle,55,53.3
@gaming_core_0563,Alpha Games,10183,3178,81,26,13,1.63,True,4.09,31.21,0.104,gaming,85,79.7
@gaming_bright_0564,Nova Games,9113,2279,24,7,4,1.0,True,1.66,25.02,0.028,gaming,67,65.9
@tech_core_0565,Quiet Tech,8084,2633,47,0,6,2.72,False,2.47,32.58,0.086,tech,62,58.8
@education_insider_0566,Neon Course,14501,2593,22,7,3,0.57,True,1.33,17.89,0.098,education,60,56.5
@entertainment_daily_0567,Bright Laughs,20377,7702,205,43,52,0.04,True,4.07,37.8,0.043,entertainment,70,68.2
@business_smart_0568,Core Market,6204,2224,37,0,10,0.01,False,2.48,35.86,0.053,business,47,45.5
@health_insider_0569,Alpha Fit,14032,4053,2,0,1,0.88,True,0.11,28.88,0.054,health,37.2,36.0
@crypto_quiet_0570,Urban Crypto,220,81,2,0,1,1.4,True,6.37,37.09,0.021,crypto,62,61.2
@tech_alpha_0571,Bright Tech,1156,440,16,0,5,0.2,False,5.08,38.11,0.048,tech,55,53.4
@education_neon_0572,Alpha Lessons,296,74,0,0,0,0.2,True,0.64,25.31,0.096,education,32,30.2
@news_alpha_0573,Vivid Digest,2995,1233,21,0,8,0.95,False,2.93,41.18,0.045,news,55,53.5
@news_core_0574,Peak Report,286,125,2,0,1,2.62,False,3.58,43.76,0.038,news,57,55.7
@crypto_quiet_0575,Nova Crypto,1435,226,3,0,0,3.69,False,1.99,15.82,0.546,crypto,40,26.9
@business_daily_0576,Quiet Money,1116,357,10,0,1,0.52,False,4.6,32.01,0.087,business,55,52.1
@news_urban_0577,Global Wire,5602,1473,35,0,7,3.44,False,3.98,26.31,0.0,news,52,52.0
@music_core_0578,Insider Music,8601,2589,46,0,15,2.45,False,2.45,30.11,0.101,music,62,58.3
@sports_open_0579,Daily Sports,932,409,12,0,3,3.34,False,4.26,43.92,0.0,sports,52,52.0
@education_urban_0580,Nova Lessons,23264,6585,2,0,0,3.13,True,0.05,28.31,0.078,education,36.0,34.3
@anime_quiet_0581,Quiet Anime,1268,514,16,5,4,0.16,True,5.63,40.58,0.063,anime,60,57.7
@entertainment_bright_0582,Daily Laughs,2212,198,1,0,0,1.68,True,1.3,8.96,0.632,entertainment,39.48,24.5
@anime_urban_0583,Peak Sakura,4929,1682,10,2,1,1.8,True,0.85,34.14,0.032,anime,60,58.9
@gaming_insider_0584,Open Quest,589,162,7,2,2,0.11,True,6.8,27.66,0.01,gaming,52,51.7
@crypto_peak_0585,Vivid Crypto,4005,583,13,0,4,0.2,False,3.2,14.57,0.337,crypto,40,31.9
@politics_peak_0586,Prime Forum,21007,6605,218,0,63,3.28,False,5.1,31.44,0.071,politics,65,62.2
@news_open_0587,Bright Wire,134,45,0,0,0,1.75,True,3.5,33.94,0.072,news,57,54.6
@news_nova_0588,Alpha News,36858,7854,78,25,13,2.35,True,1.58,21.31,0.013,news,75,74.4
@news_prime_0589,Urban Digest,1028,443,18,0,2,0.2,False,5.59,43.13,0.065,news,55,52.8
@tech_open_0590,Neon Tech,2889,526,6,1,1,0.07,True,1.69,18.22,0.028,tech,40,39.3
@tech_open_0591,Open AI,549,127,0,0,0,2.06,True,0.69,23.17,0.021,tech,42,41.5
@news_alpha_0592,Open Digest,5923,2104,71,0,23,1.68,False,5.13,35.53,0.11,news,67,62.6
@entertainment_open_0593,Vivid Vibes,3167,1260,21,0,4,10.8,False,2.73,39.82,0.074,entertainment,45,43.0
@gaming_core_0594,Prime Quest,27855,5863,109,32,17,2.24,True,2.73,21.05,0.017,gaming,80,79.2
@news_alpha_0595,Core News,594,176,5,0,1,0.95,False,4.68,29.7,0.013,news,47,46.6
@tech_peak_0596,Nova Tech,5095,2109,55,12,17,2.64,True,3.88,41.4,0.01,tech,82,81.5
@music_global_0597,Alpha Sound,1163,283,5,0,1,2.35,False,2.38,24.34,0.02,music,55,54.3
@business_smart_0598,Quiet Market,93702,25494,667,272,153,1.25,True,4.45,27.21,0.0,business,82,82.0
@news_core_0599,Smart Report,155,48,2,0,0,0.52,False,8.17,31.43,0.017,news,57,56.4
@lifestyle_neon_0600,Urban Home,4976,1844,19,0,7,0.19,False,1.66,37.08,0.074,lifestyle,40,38.2
@lifestyle_global_0601,Vivid Travel,26266,7037,141,0,46,2.81,False,3.06,26.79,0.03,lifestyle,60,58.9
@gaming_prime_0602,Quiet Games,8909,3100,64,16,23,1.15,True,3.65,34.8,0.058,gaming,82,79.1
@tech_quiet_0603,Quiet Tech,7169,2471,31,8,10,0.65,True,1.98,34.48,0.125,tech,67,62.0
@politics_peak_0604,Open Forum,2746,496,14,0,3,0.74,False,4.34,18.09,0.0,politics,45,45.0
@music_open_0605,Bright Tracks,793,270,2,0,0,2.08,False,1.31,34.06,0.088,music,52,49.3
@lifestyle_vivid_0606,Neon Style,529,160,5,1,0,0.77,True,4.33,30.28,0.029,lifestyle,62,60.9
@education_smart_0607,Neon Academy,20094,3477,170,69,53,2.25,True,8.08,17.31,0.038,education,80,78.2
@lifestyle_global_0608,Daily Style,68006,7533,193,47,61,3.48,True,3.45,11.08,0.006,lifestyle,72,71.7
@entertainment_vivid_0609,Daily Fun,1551,141,1,0,0,0.11,True,1.87,9.11,0.518,entertainment,24.56,16.9
@business_vivid_0610,Daily Market,11255,3543,141,34,28,1.66,True,5.87,31.49,0.073,business,90,86.1
@lifestyle_core_0611,Urban Style,1513,252,4,1,0,0.18,True,2.55,16.69,0.036,lifestyle,45,44.0
@education_insider_0612,Daily Course,28248,7704,115,19,40,1.43,True,2.15,27.27,0.038,education,80,78.2
@health_prime_0613,Bright Fit,11574,2858,47,14,7,0.73,True,2.56,24.7,0.059,health,75,72.3
@lifestyle_open_0614,Core Style,1468,466,8,0,1,0.19,False,2.78,31.8,0.065,lifestyle,45,43.2
@crypto_core_0615,Insider DeFi,3886,1301,46,12,9,2.5,True,6.02,33.5,0.06,crypto,85,81.9
@gaming_vivid_0616,Neon Arena,1916,657,5,1,1,0.77,True,1.16,34.34,0.009,gaming,60,59.7
@news_prime_0617,Alpha Report,1777,659,30,10,11,2.27,True,7.19,37.13,0.021,news,80,79.0
@gaming_quiet_0618,Vivid Esports,2521,278,1,0,0,3.78,True,0.97,11.06,0.424,gaming,35,26.1
@business_prime_0619,Peak Market,16173,6097,181,32,61,1.38,True,4.09,37.7,0.028,business,85,83.5
@lifestyle_global_0620,Open Travel,2164,555,10,0,3,2.41,False,2.55,25.69,0.018,lifestyle,55,54.4
@entertainment_prime_0621,Open Memes,1603,266,7,0,2,2.89,False,5.06,16.64,0.053,entertainment,55,53.3
@tech_urban_0622,Peak AI,196,73,1,0,0,2.72,False,2.53,37.39,0.0,tech,57,57.0
@gaming_insider_0623,Bright Esports,9792,3408,106,0,24,0.2,False,4.52,34.81,0.093,gaming,52,49.1
@news_quiet_0624,Quiet Digest,5716,1616,54,13,12,2.03,True,4.52,28.28,0.025,news,77,75.9
@tech_nova_0625,Core Dev,230,33,0,0,0,2.82,False,4.66,14.4,0.026,tech,47,46.3
@movies_neon_0626,Insider Cinema,45871,10291,221,53,59,0.82,True,2.87,22.44,0.028,movies,75,73.7
@music_smart_0627,Smart Beats,821,316,4,1,1,0.04,True,2.77,38.52,0.104,music,52,48.7
@anime_peak_0628,Neon Anime,23810,3701,46,0,14,1.43,False,1.94,15.55,0.056,anime,50,48.3
@lifestyle_prime_0629,Peak Style,6513,1410,51,12,9,2.2,True,5.01,21.66,0.047,lifestyle,82,79.7
@entertainment_open_0630,Open Laughs,40723,10914,90,0,24,1.5,False,1.32,26.8,0.0,entertainment,55,55.0
@politics_urban_0631,Core Forum,4274,163,1,0,0,4.82,True,1.56,3.84,0.555,politics,31.92,21.3
@entertainment_bright_0632,Quiet Vibes,3585,1205,34,7,6,2.81,True,4.03,33.64,0.011,entertainment,75,74.5
@entertainment_vivid_0633,Core Memes,9882,537,4,0,1,0.04,False,1.18,5.44,0.649,entertainment,24.72,15.1
@gaming_open_0634,Urban Esports,2973,1146,24,0,6,1.36,False,3.37,38.57,0.132,gaming,60,55.3
@entertainment_bright_0635,Daily Vibes,6807,2118,51,0,14,1.94,False,3.61,31.13,0.0,entertainment,62,62.0
@movies_vivid_0636,Nova Reel,12470,2949,0,0,0,0.73,False,0.05,23.65,0.056,movies,36.0,34.8
@health_vivid_0637,Quiet Care,11732,4648,60,0,11,2.08,False,1.86,39.63,0.081,health,60,57.1
@entertainment_daily_0638,Neon Laughs,444,233,10,2,2,1.98,True,7.14,52.63,0.0,entertainment,77,77.0
@business_daily_0639,Core Market,5725,1121,8,3,2,3.22,True,1.16,19.6,0.014,business,52,51.6
@tech_core_0640,Smart Code,33142,8252,96,0,24,3.17,False,1.79,24.9,0.011,tech,50,49.7
@education_peak_0641,Smart Lessons,862,338,8,0,1,1.94,False,4.35,39.26,0.036,education,57,55.8
@news_prime_0642,Prime Report,24836,3328,65,14,15,2.06,True,2.79,13.4,0.0,news,75,75.0
@news_open_0643,Vivid Report,690,167,2,0,0,0.14,True,2.32,24.35,0.062,news,37,35.6
@lifestyle_insider_0644,Neon Living,536,212,2,0,0,3.02,True,1.89,39.69,0.044,lifestyle,47,45.8
@tech_prime_0645,Prime Dev,7444,2516,107,0,18,0.87,False,6.59,33.81,0.017,tech,62,61.4
@news_daily_0646,Core Digest,54995,17052,622,166,130,1.08,True,5.41,31.01,0.045,news,92,89.5
@business_global_0647,Quiet Ventures,2894,583,15,3,4,31.6,True,3.94,20.16,0.072,business,50,47.8
@news_alpha_0648,Quiet Wire,5508,1527,40,12,12,1.68,True,4.46,27.74,0.087,news,77,73.0
@music_prime_0649,Prime Sound,6437,2966,149,43,36,0.49,True,6.82,46.09,0.079,music,77,73.3
@news_alpha_0650,Quiet Wire,2287,893,20,0,3,0.01,False,3.17,39.08,0.043,news,45,43.8
@entertainment_peak_0651,Prime Laughs,1796,592,12,0,4,0.64,False,2.94,32.98,0.027,entertainment,55,54.1
@crypto_core_0652,Prime Coins,1611,421,6,2,1,1.34,True,2.86,26.15,0.061,crypto,65,62.6
@news_nova_0653,Insider Report,5528,337,0,0,0,0.03,False,0.02,6.1,0.588,news,10.45,6.8
@tech_neon_0654,Urban Dev,4497,364,4,0,1,2.51,False,2.21,8.1,0.561,tech,44.05,29.2
@gaming_vivid_0655,Quiet Games,3218,1013,7,0,2,2.33,False,1.08,31.49,0.091,gaming,55,52.0
@crypto_nova_0656,Quiet Coins,1417,581,16,0,3,1.73,False,4.33,41.05,0.061,crypto,60,57.8
@news_urban_0657,Prime Wire,4764,972,26,0,5,0.8,False,4.15,20.41,0.003,news,50,49.9
@entertainment_nova_0658,Alpha Laughs,2275,678,27,0,7,19.6,False,6.33,29.83,0.086,entertainment,45,42.7
@politics_prime_0659,Alpha Politics,1377,587,9,3,3,0.97,True,2.95,42.7,0.073,politics,65,62.2
@entertainment_neon_0660,Prime Fun,2565,645,18,0,6,0.2,False,4.78,25.15,0.063,entertainment,45,43.3
@politics_global_0661,Global Policy,10605,2892,114,0,27,0.49,False,5.66,27.28,0.075,politics,55,52.5
@crypto_daily_0662,Open Coins,7485,2729,15,3,2,2.75,True,0.91,36.47,0.037,crypto,62,60.6
@news_smart_0663,Bright Digest,6178,2034,56,0,16,0.67,False,4.79,32.93,0.052,news,57,55.2
@news_daily_0664,Smart News,6581,3046,48,21,9,1.17,True,2.81,46.3,0.092,news,82,77.5
@education_nova_0665,Insider Lessons,14287,6667,351,0,101,1.81,False,7.14,46.67,0.01,education,70,69.6
@tech_insider_0666,Daily AI,4871,1499,20,0,4,0.92,False,1.88,30.79,0.099,tech,50,47.0
@business_global_0667,Quiet Capital,949,282,6,1,2,31.0,True,3.35,29.76,0.059,business,47,45.3
@health_core_0668,Prime Wellness,480,160,7,1,2,3.2,True,6.45,33.37,0.084,health,67,63.6
@business_core_0669,Open Capital,2307,877,21,0,3,2.89,False,3.43,38.05,0.053,business,60,58.1
@music_urban_0670,Urban Beats,28142,6192,162,0,47,0.2,False,3.82,22.01,0.024,music,50,49.3
@news_smart_0671,Open Wire,1166,451,9,0,2,0.1,False,3.18,38.74,0.044,news,45,43.8
@entertainment_bright_0672,Vivid Memes,430,130,5,0,1,1.51,False,5.63,30.36,0.053,entertainment,62,60.0
@news_vivid_0673,Quiet Report,140,46,1,0,0,1.17,True,7.01,33.54,0.033,news,62,60.8
@sports_daily_0674,Open Match,6007,1583,44,7,15,3.22,True,3.84,26.37,0.009,sports,67,66.6
@education_alpha_0675,Core Academy,2544,187,2,0,0,1.14,False,2.19,7.39,0.596,education,43.69,28.1
@lifestyle_peak_0676,Daily Home,370,115,2,0,0,0.18,False,3.94,31.12,0.053,lifestyle,42,40.7
@health_vivid_0677,Quiet Fit,1091,389,10,0,2,2.2,False,3.94,35.7,0.028,health,60,59.0
@business_daily_0678,Smart Ventures,355,100,2,1,1,0.2,True,4.85,28.37,0.045,business,52,50.6
@tech_quiet_0679,Quiet Code,21299,8353,109,29,31,2.66,True,2.28,39.22,0.071,tech,85,81.4
@anime_nova_0680,Insider Sakura,1012,390,14,0,2,2.54,False,5.62,38.56,0.016,anime,65,64.4
@entertainment_peak_0681,Quiet Memes,2483,1062,24,7,7,3.19,True,3.92,42.79,0.122,entertainment,70,64.9
@business_bright_0682,Vivid Market,20604,4498,126,17,41,1.55,True,3.87,21.83,0.092,business,80,75.6
@crypto_insider_0683,Quiet Chain,540,213,7,3,1,0.2,True,6.36,39.48,0.0,crypto,62,62.0
@music_vivid_0684,Smart Sound,34055,4339,15,0,3,0.89,False,0.52,12.74,0.616,music,40,25.2
@news_prime_0685,Prime Report,2244,790,24,0,7,2.25,False,5.6,35.21,0.066,news,65,62.4
@news_daily_0686,Urban News,111,9,0,0,0,2.02,False,1.11,8.63,0.784,news,36.32,19.2
@health_quiet_0687,Insider Wellness,21337,3787,42,9,11,0.17,True,1.69,17.75,0.029,health,50,49.1
@crypto_neon_0688,Bright DeFi,3035,1060,18,0,6,1.56,False,2.8,34.94,0.074,crypto,60,57.3
@anime_vivid_0689,Bright Anime,2588,818,36,0,13,16.2,False,7.43,31.62,0.0,anime,50,50.0
@tech_bright_0690,Insider Dev,10573,3621,61,9,15,0.06,True,2.42,34.25,0.0,tech,65,65.0
@lifestyle_nova_0691,Quiet Home,2415,1034,20,0,6,1.03,False,3.37,42.84,0.035,lifestyle,60,58.7
@education_daily_0692,Urban Course,1300,407,11,0,3,2.54,False,4.21,31.33,0.079,education,60,57.2
@entertainment_vivid_0693,Nova Laughs,2342,912,26,6,5,0.32,True,4.21,38.96,0.036,entertainment,65,63.6
@entertainment_prime_0694,Alpha Fun,3847,697,16,7,4,0.98,True,4.32,18.13,0.059,entertainment,60,57.9
@sports_vivid_0695,Bright Arena,152,56,1,0,0,1.7,True,5.67,36.94,0.129,sports,62,57.2
@news_smart_0696,Bright Wire,5912,1664,13,2,4,2.8,True,1.3,28.16,0.0,news,62,62.0
@health_global_0697,Insider Care,1620,430,13,3,3,2.16,True,4.72,26.58,0.0,health,65,65.0
@business_urban_0698,Nova Money,2299,712,17,0,4,21.1,False,4.42,31.01,0.055,business,45,43.5
@entertainment_global_0699,Quiet Memes,1032,59,0,0,0,2.51,False,1.76,5.81,0.606,entertainment,37.91,24.1
@entertainment_core_0700,Alpha Vibes,1084,350,3,0,0,1.94,False,1.45,32.33,0.105,entertainment,55,51.5
@entertainment_bright_0701,Daily Memes,802,271,4,1,1,0.02,True,2.38,33.85,0.087,entertainment,52,49.3
@lifestyle_daily_0702,Daily Living,910,297,5,2,1,0.06,True,3.07,32.68,0.081,lifestyle,52,49.5
@news_alpha_0703,Prime Wire,1007,421,4,0,1,1.11,False,1.71,41.88,0.121,news,55,51.0
@news_core_0704,Open News,3039,920,32,0,5,1.08,False,5.54,30.27,0.037,news,65,63.6
@politics_vivid_0705,Alpha Forum,2888,806,23,0,4,4.62,False,4.2,27.91,0.042,politics,50,48.7
@education_insider_0706,Daily Lessons,6082,2353,74,0,13,3.47,False,4.55,38.7,0.053,education,57,55.2
@gaming_smart_0707,Core Esports,52574,13435,308,0,94,1.22,False,3.08,25.55,0.107,gaming,62,58.0
@health_insider_0708,Alpha Fit,1474,533,7,0,2,1.28,False,2.42,36.21,0.103,health,60,56.3
@entertainment_urban_0709,Vivid Laughs,229801,85902,2476,0,673,1.89,False,4.19,37.38,0.014,entertainment,70,69.4
@gaming_neon_0710,Peak Quest,295,76,0,0,0,11.9,True,1.2,25.93,0.038,gaming,32,31.3
@news_insider_0711,Core Report,848,128,7,1,1,1.5,True,8.59,15.14,0.035,news,62,60.7
@entertainment_peak_0712,Alpha Memes,5206,477,1,0,0,0.9,False,0.4,9.17,0.809,entertainment,29.58,15.2
@education_open_0713,Alpha Academy,6032,1649,53,0,8,1.41,False,5.18,27.35,0.039,education,62,60.6
@health_open_0714,Peak Care,22605,8672,84,0,15,1.73,False,1.73,38.36,0.106,health,60,56.2
@music_vivid_0715,Nova Tracks,3521,815,13,3,4,4.04,True,2.25,23.17,0.0,music,60,60.0
@health_global_0716,Prime Fit,2588,768,26,6,10,1.52,True,6.01,29.7,0.056,health,75,72.5
@business_neon_0717,Daily Ventures,3219,1146,18,0,4,1.98,False,2.45,35.6,0.0,business,60,60.0
@entertainment_insider_0718,Global Laughs,4696,965,31,7,11,2.56,True,5.09,20.56,0.0,entertainment,75,75.0
@movies_peak_0719,Vivid Films,4055,1469,8,0,2,0.57,False,0.88,36.24,0.0,movies,45,45.0
@sports_daily_0720,Smart Arena,940,214,0,0,0,2.41,False,0.35,22.82,0.085,sports,39.0,37.0
@business_daily_0721,Alpha Capital,5276,1754,27,0,5,0.25,False,2.72,33.26,0.0,business,52,52.0
@politics_open_0722,Peak Forum,823,180,6,0,1,0.61,False,6.26,21.87,0.061,politics,52,50.1
@business_open_0723,Urban Ventures,49394,17483,622,0,216,2.23,False,5.07,35.4,0.036,business,70,68.5
@gaming_vivid_0724,Smart Quest,11785,3861,50,12,12,0.89,True,1.81,32.77,0.0,gaming,75,75.0
@news_core_0725,Urban Report,6114,2596,0,0,0,2.84,False,0.05,42.46,0.097,news,43.0,40.5
@health_insider_0726,Neon Care,758,106,1,0,0,3.79,True,1.57,14.03,0.546,health,37,24.9
@music_peak_0727,Vivid Sound,8421,2415,32,11,11,1.05,True,2.39,28.68,0.047,music,77,74.8
@lifestyle_core_0728,Neon Style,2339,813,27,5,7,2.83,True,5.68,34.8,0.0,lifestyle,75,75.0
@sports_daily_0729,Insider Sports,1407,484,12,0,4,1.83,False,4.25,34.45,0.122,sports,60,55.6
@tech_nova_0730,Bright Dev,3305,594,12,0,4,0.91,False,2.81,17.98,0.007,tech,45,44.8
@lifestyle_smart_0731,Prime Living,2300,684,23,0,9,0.62,False,6.33,29.76,0.032,lifestyle,55,54.0
@entertainment_open_0732,Peak Laughs,17111,3078,25,6,4,0.15,True,1.13,17.99,0.158,entertainment,50,45.3
@lifestyle_nova_0733,Bright Travel,35236,13550,288,70,67,2.72,True,3.24,38.46,0.127,lifestyle,85,78.5
@entertainment_quiet_0734,Global Fun,80881,25528,266,94,59,2.17,True,1.59,31.56,0.08,entertainment,82,78.1
@news_bright_0735,Nova Digest,4381,867,5,0,1,0.98,True,0.97,19.81,0.042,news,35,34.1
@business_urban_0736,Urban Market,25738,8487,33,13,13,0.2,True,0.65,32.98,0.052,business,65,63.0
@news_neon_0737,Global Wire,359581,74948,459,0,144,3.16,False,0.86,20.84,0.05,news,50,48.5
@business_prime_0738,Quiet Capital,1662,443,12,2,2,0.86,True,3.87,26.67,0.0,business,60,60.0
@crypto_neon_0739,Neon Coins,2796,862,27,0,5,1.21,False,5.22,30.86,0.15,crypto,65,59.1
@news_nova_0740,Global Digest,25078,3938,36,0,14,0.83,False,1.65,15.7,0.059,news,45,43.4
@news_core_0741,Global Digest,4834,1685,52,0,14,1.22,False,4.67,34.88,0.048,news,60,58.3
@lifestyle_quiet_0742,Insider Living,4492,796,19,6,6,0.14,True,3.97,17.73,0.034,lifestyle,50,49.0
@news_core_0743,Daily News,1342,347,6,0,1,1.86,False,3.11,25.91,0.0,news,55,55.0
@sports_peak_0744,Quiet Sports,17629,4269,156,35,25,0.75,True,5.17,24.22,0.07,sports,80,76.6
@music_nova_0745,Insider Sound,188,57,3,0,0,0.11,False,8.57,30.33,0.095,music,47,44.3
@anime_core_0746,Peak Sakura,12935,3687,34,15,11,2.16,True,1.67,28.51,0.075,anime,75,71.6
@sports_open_0747,Insider Arena,2943,792,16,0,5,1.68,False,3.4,26.94,0.036,sports,55,53.8
@entertainment_vivid_0748,Prime Vibes,8634,2763,10,0,2,1.69,False,0.61,32.01,0.067,entertainment,52,49.9
@crypto_smart_0749,Vivid Crypto,226,60,1,0,0,2.49,False,3.47,26.59,0.058,crypto,52,50.2
@music_prime_0750,Global Tracks,50844,11352,245,0,61,1.53,False,3.64,22.33,0.044,music,62,60.3
@gaming_insider_0751,Bright Arena,340,135,0,0,0,2.1,True,0.06,39.74,0.006,gaming,38.2,38.1
@lifestyle_bright_0752,Insider Style,363,92,2,0,0,2.52,False,3.11,25.44,0.058,lifestyle,52,50.2
@politics_vivid_0753,Global Policy,5918,747,0,0,0,13.8,True,0.05,12.63,0.023,politics,18.0,17.7
@entertainment_peak_0754,Vivid Fun,2265,780,1,0,0,0.14,False,0.25,34.46,0.0,entertainment,30.0,30.0
@tech_urban_0755,Open Tech,3148,831,5,1,1,3.85,True,1.06,26.41,0.09,tech,55,52.0
@crypto_nova_0756,Insider Coins,3070,155,5,0,1,0.51,False,5.04,5.06,0.3,crypto,42.53,34.9
@politics_smart_0757,Daily Debate,8613,2804,76,20,27,1.36,True,4.25,32.57,0.085,politics,82,77.8
@crypto_core_0758,Global Crypto,222,3,0,0,0,1.92,False,2.98,1.48,0.462,crypto,37.74,27.3
@news_peak_0759,Quiet News,2764,1105,7,0,1,1.98,False,0.96,39.99,0.038,news,50,48.9
@health_insider_0760,Daily Care,459,141,3,0,0,0.68,False,3.88,30.87,0.041,health,52,50.7
@business_insider_0761,Peak Capital,61748,17234,248,0,73,0.2,False,1.97,27.91,0.068,business,47,45.1
@tech_insider_0762,Alpha AI,1641,455,6,2,1,1.14,True,1.92,27.77,0.067,tech,60,57.6
@news_neon_0763,Global Digest,4978,1541,38,14,14,1.44,True,4.19,30.96,0.009,news,80,79.5
@business_quiet_0764,Quiet Capital,8258,1654,6,1,1,0.01,True,0.69,20.03,0.003,business,42,41.9
@lifestyle_neon_0765,Nova Travel,1640,502,12,3,3,1.77,True,3.53,30.62,0.052,lifestyle,70,67.8
@sports_bright_0766,Vivid Match,7524,1946,40,6,15,2.04,True,3.58,25.87,0.092,sports,72,68.0
@news_open_0767,Global Report,1435,506,21,4,8,2.74,True,7.37,35.28,0.061,news,75,72.2
@crypto_open_0768,Core Chain,661,121,0,0,0,1.55,True,0.53,18.41,0.049,crypto,37,35.9
@gaming_core_0769,Insider Quest,1441,378,9,0,2,1.7,False,3.9,26.29,0.107,gaming,55,51.5
@business_daily_0770,Quiet Money,683,347,13,2,4,2.79,True,6.08,50.82,0.115,business,77,71.7
@crypto_neon_0771,Bright Coins,10307,1390,19,6,5,1.68,True,2.37,13.49,0.023,crypto,70,69.0
@lifestyle_insider_0772,Nova Home,455,147,1,0,0,33.2,True,2.0,32.43,0.094,lifestyle,42,39.6
@news_core_0773,Open Wire,850,258,8,1,1,2.21,True,4.82,30.44,0.031,news,67,65.8
@music_daily_0774,Daily Tracks,1119,161,5,0,1,0.2,False,4.35,14.4,0.115,music,40,37.3
@business_nova_0775,Open Capital,22909,7400,131,0,25,23.1,False,2.56,32.3,0.0,business,50,50.0
@music_quiet_0776,Prime Beats,6777,1694,3,0,1,0.2,False,0.32,25.0,0.036,music,33.4,32.7
@business_global_0777,Daily Ventures,27785,6481,121,31,30,2.8,True,2.73,23.33,0.11,business,80,74.7
@sports_nova_0778,Smart Arena,11042,4255,79,30,16,0.09,True,3.4,38.54,0.082,sports,70,66.6
@news_nova_0779,Smart Report,8676,3197,27,8,6,2.67,True,1.2,36.86,0.102,news,72,67.6
@gaming_insider_0780,Nova Games,7172,1599,26,6,5,1.82,True,2.62,22.31,0.049,gaming,72,69.9
@news_smart_0781,Bright Report,5330,1675,15,5,4,0.2,True,1.55,31.43,0.092,news,57,53.9
@gaming_nova_0782,Insider Arena,3584,598,4,0,1,1.16,False,1.15,16.69,0.091,gaming,45,42.5
@lifestyle_peak_0783,Core Travel,5689,1342,25,0,7,4.37,False,2.59,23.6,0.065,lifestyle,52,50.0
@news_prime_0784,Peak Report,389,179,4,0,0,3.02,False,3.66,46.24,0.104,news,52,48.7
@politics_neon_0785,Neon Debate,4051,848,33,0,9,2.6,False,5.73,20.94,0.0,politics,60,60.0
@politics_nova_0786,Neon Forum,7052,2599,22,5,6,0.2,True,1.55,36.87,0.051,politics,57,55.3
@music_smart_0787,Peak Sound,705,294,7,0,2,1.2,False,4.41,41.72,0.095,music,57,53.7
@music_prime_0788,Prime Beats,2273,876,0,0,0,2.52,False,0.06,38.54,0.048,music,41.2,40.0
@gaming_neon_0789,Urban Quest,8160,1335,21,0,4,0.2,False,2.74,16.36,0.062,gaming,42,40.4
@sports_alpha_0790,Peak Match,21536,5440,113,0,34,2.47,False,3.08,25.26,0.04,sports,60,58.6
@crypto_open_0791,Global DeFi,1670,379,4,0,1,1.37,True,2.01,22.74,0.023,crypto,55,54.2
@gaming_nova_0792,Nova Arena,19518,2609,74,26,26,0.55,True,4.26,13.37,0.0,gaming,70,70.0
@news_bright_0793,Core Digest,721,51,0,0,0,1.98,True,0.52,7.14,0.892,news,30.57,14.2
@politics_insider_0794,Neon Forum,8379,505,2,0,0,1.18,False,0.66,6.04,0.791,politics,35.02,18.4
@tech_insider_0795,Daily Dev,2145,1029,30,0,6,2.26,False,3.93,48.0,0.098,tech,60,56.5
@business_prime_0796,Open Market,279,83,2,0,1,14.1,False,5.98,29.89,0.063,business,42,40.4
@business_open_0797,Smart Ventures,100,25,0,0,0,0.08,True,5.34,25.25,0.0,business,42,42.0
@news_peak_0798,Peak News,3177,603,5,0,1,1.74,False,1.45,18.99,0.06,news,45,43.4
@entertainment_daily_0799,Core Laughs,4235,1257,23,0,4,2.13,False,2.72,29.69,0.0,entertainment,55,55.0
@gaming_bright_0800,Smart Arena,37098,15255,261,76,58,1.88,True,2.36,41.12,0.0,gaming,85,85.0
@crypto_insider_0801,Alpha Coins,345,156,5,0,1,1.7,False,5.67,45.46,0.028,crypto,62,61.0
@business_core_0802,Quiet Money,2115,752,5,0,0,1.98,False,1.04,35.6,0.046,business,55,53.5
@crypto_insider_0803,Vivid Crypto,1008,416,11,3,3,1.74,True,4.38,41.36,0.082,crypto,70,66.6
@crypto_peak_0804,Daily DeFi,1704,353,10,0,3,0.31,False,4.45,20.72,0.112,crypto,45,42.0
@business_quiet_0805,Vivid Capital,8379,2186,23,0,7,2.82,False,1.68,26.09,0.039,business,52,50.8
@music_alpha_0806,Global Beats,2327,563,17,0,3,1.1,False,4.9,24.22,0.1,music,55,51.7
@education_global_0807,Open Learn,1028,158,6,0,1,1.78,False,5.64,15.42,0.043,education,55,53.6
@tech_neon_0808,Global Tech,100,35,0,0,0,0.85,False,4.93,35.08,0.029,tech,52,51.1
@politics_prime_0809,Insider Forum,4148,1328,58,8,8,1.87,True,6.09,32.02,0.0,politics,80,80.0
@gaming_core_0810,Smart Quest,2030,765,21,0,4,1.99,False,5.03,37.73,0.072,gaming,65,62.2
@business_daily_0811,Smart Capital,1744,624,8,0,1,0.98,False,1.93,35.81,0.02,business,50,49.4
@politics_urban_0812,Peak Politics,2117,613,16,2,5,16.8,True,3.82,28.96,0.003,politics,50,49.9
@lifestyle_prime_0813,Urban Living,5446,1460,13,0,5,1.92,False,1.65,26.81,0.049,lifestyle,52,50.5
@music_nova_0814,Neon Sound,2858,874,3,0,0,1.39,False,0.59,30.61,0.081,music,50,47.6
@tech_vivid_0815,Core AI,11703,2596,56,14,14,3.77,True,3.28,22.19,0.0,tech,75,75.0
@music_neon_0816,Peak Beats,7504,1849,37,0,16,0.2,False,3.69,24.65,0.001,music,47,47.0
@business_global_0817,Nova Capital,20948,8321,116,0,47,0.08,False,2.46,39.73,0.109,business,50,46.7
@crypto_core_0818,Alpha Chain,220,77,2,0,0,1.18,False,4.89,35.09,0.032,crypto,57,55.9
@crypto_urban_0819,Vivid Chain,4853,1830,51,8,13,0.07,True,3.87,37.72,0.066,crypto,60,57.6
@crypto_smart_0820,Alpha Crypto,8230,3504,36,7,12,17.3,True,1.52,42.58,0.106,crypto,57,53.4
@tech_neon_0821,Daily Dev,100,27,0,0,0,0.01,True,5.31,27.61,0.0,tech,42,42.0
@gacha_open_0822,Alpha Club,262,18,0,0,0,1.2,True,0.78,7.12,0.513,gacha,30.56,21.2
@crypto_bright_0823,Urban Crypto,21742,4143,56,0,20,34.0,False,2.17,19.06,0.087,crypto,40,37.9
@entertainment_nova_0824,Urban Fun,7078,1373,20,0,3,0.2,False,2.27,19.4,0.01,entertainment,42,41.7
@sports_alpha_0825,Prime Sports,100,40,1,0,0,0.61,False,5.93,40.62,0.015,sports,57,56.5
@crypto_global_0826,Bright DeFi,8269,2188,50,0,10,1.62,False,3.2,26.47,0.092,crypto,57,53.9
@crypto_peak_0827,Urban Coins,576,57,0,0,0,0.79,False,1.75,9.91,0.645,crypto,31.96,19.6
@entertainment_urban_0828,Alpha Memes,3323,911,25,0,4,0.32,False,4.24,27.43,0.078,entertainment,45,42.9
@gaming_insider_0829,Prime Games,279,64,2,0,0,2.34,True,5.84,23.15,0.026,gaming,57,56.1
@music_bright_0830,Insider Sound,4865,2307,60,14,20,0.65,True,4.47,47.43,0.037,music,75,73.3
@health_alpha_0831,Bright Wellness,5076,1922,73,11,16,0.2,True,5.49,37.88,0.08,health,77,73.3
@crypto_bright_0832,Global Coins,927,90,2,0,0,0.2,False,3.53,9.81,0.3,crypto,31.9,26.2
@entertainment_nova_0833,Open Laughs,5053,1463,12,2,4,0.2,True,1.2,28.96,0.021,entertainment,52,51.4
@gaming_smart_0834,Quiet Quest,21356,2782,46,0,8,0.2,False,2.42,13.03,0.0,gaming,45,45.0
@business_open_0835,Alpha Capital,4868,202,0,0,0,1.03,False,0.61,4.17,0.856,business,32.08,15.6
@entertainment_smart_0836,Open Fun,5744,2055,17,4,2,3.15,True,1.17,35.79,0.059,entertainment,62,59.8
@entertainment_vivid_0837,Core Laughs,1728,311,6,0,2,2.03,False,3.0,18.04,0.08,entertainment,50,47.6
@education_vivid_0838,Nova Academy,1824,558,4,0,1,2.74,True,1.38,30.61,0.138,education,55,50.4
@education_prime_0839,Prime Lessons,2173,617,27,0,6,1.77,False,6.73,28.43,0.0,education,60,60.0
@business_open_0840,Urban Capital,1355,255,3,0,0,2.81,False,2.34,18.85,0.047,business,50,48.6
@business_peak_0841,Insider Capital,1482,521,24,4,4,0.2,True,6.37,35.18,0.175,business,65,58.2
@gaming_prime_0842,Core Arena,2205,787,13,3,2,2.34,True,2.4,35.73,0.044,gaming,70,68.1
@crypto_neon_0843,Core Chain,5377,1322,52,0,16,2.82,False,6.29,24.6,0.063,crypto,62,59.7
@entertainment_urban_0844,Insider Vibes,5838,917,26,8,9,1.07,True,4.36,15.72,0.085,entertainment,67,63.6
@gaming_daily_0845,Neon Esports,7973,3478,71,24,25,0.43,True,3.38,43.63,0.068,gaming,72,69.0
@anime_open_0846,Daily Anime,15642,3782,51,7,8,0.2,True,1.84,24.18,0.096,anime,60,56.5
@crypto_global_0847,Vivid DeFi,3367,1024,14,3,3,0.1,True,1.97,30.44,0.053,crypto,50,48.4
@lifestyle_peak_0848,Peak Travel,62785,12295,305,0,61,4.7,False,3.35,19.58,0.076,lifestyle,52,49.6
@crypto_global_0849,Bright Crypto,3098,512,12,0,4,1.16,False,4.26,16.55,0.122,crypto,50,46.3
@entertainment_vivid_0850,Daily Memes,2643,818,23,0,9,11.3,False,4.57,30.96,0.039,entertainment,45,44.0
@health_bright_0851,Prime Wellness,7899,3004,32,0,6,2.32,False,1.59,38.04,0.0,health,57,57.0
@music_neon_0852,Global Beats,18404,6881,146,28,54,0.62,True,3.53,37.39,0.063,music,80,77.0
@education_insider_0853,Smart Academy,3521,878,2,0,0,1.69,True,0.46,24.95,0.0,education,44.2,44.2
@politics_urban_0854,Insider Debate,1337,532,19,0,6,2.76,False,5.89,39.83,0.052,politics,65,63.0
@crypto_insider_0855,Open DeFi,6151,1501,46,0,10,0.2,False,5.49,24.41,0.014,crypto,52,51.6
@tech_urban_0856,Insider Code,1726,820,23,0,3,2.26,False,3.97,47.52,0.059,tech,60,57.9
@tech_peak_0857,Core Dev,2809,711,5,2,1,1.57,True,1.32,25.34,0.096,tech,60,56.5
@news_open_0858,Alpha Report,270,74,2,0,0,0.21,True,3.78,27.74,0.074,news,42,40.1
@crypto_global_0859,Daily Coins,930,105,0,0,0,0.26,True,0.73,11.34,0.796,crypto,27,14.1
@entertainment_smart_0860,Quiet Laughs,6004,1364,27,0,8,0.78,False,3.1,22.73,0.103,entertainment,52,48.8
@lifestyle_global_0861,Bright Home,706,75,0,0,0,0.05,False,1.23,10.65,0.376,lifestyle,27,20.9
@crypto_alpha_0862,Daily Crypto,6624,2297,13,2,2,0.14,True,0.9,34.69,0.0,crypto,47,47.0
@health_neon_0863,Global Wellness,10884,3643,75,21,12,2.05,True,3.1,33.48,0.086,health,85,80.6
@politics_insider_0864,Alpha Politics,10624,2644,72,0,16,0.17,False,4.54,24.89,0.058,politics,45,43.4
@education_urban_0865,Vivid Course,27448,5780,87,26,16,1.63,True,2.21,21.06,0.088,education,80,75.8
@education_nova_0866,Insider Learn,9088,1782,60,0,19,2.16,False,4.85,19.62,0.0,education,52,52.0
@business_core_0867,Global Ventures,813,153,1,0,0,0.66,True,1.49,18.86,0.098,business,37,34.8
@business_global_0868,Vivid Money,51677,14678,87,0,20,2.3,False,0.88,28.4,0.024,business,52,51.3
@movies_daily_0869,Prime Screen,512,173,3,0,0,2.27,True,2.93,33.92,0.063,movies,57,54.9
@music_prime_0870,Quiet Music,3593,877,18,0,3,0.41,False,3.75,24.43,0.09,music,45,42.6
@lifestyle_quiet_0871,Peak Living,910,230,5,0,1,2.58,False,3.59,25.32,0.062,lifestyle,52,50.1
@entertainment_neon_0872,Nova Fun,46755,14497,313,87,131,1.19,True,3.88,31.01,0.021,entertainment,85,83.9
@entertainment_daily_0873,Daily Laughs,53672,13278,4,0,0,1.12,False,0.05,24.74,0.026,entertainment,43.0,42.3
@gaming_smart_0874,Insider Games,20168,6170,43,9,13,0.19,True,1.0,30.6,0.051,gaming,60,58.2
@sports_prime_0875,Open League,1173,512,2,0,0,0.83,True,0.65,43.72,0.057,sports,45,43.5
@education_bright_0876,Nova Course,7563,1318,25,11,9,1.12,True,3.5,17.43,0.029,education,72,70.7
@lifestyle_alpha_0877,Alpha Living,1979,863,29,10,9,2.59,True,5.42,43.65,0.079,lifestyle,80,76.2
@education_smart_0878,Urban Course,9999,3536,53,0,10,0.07,False,2.41,35.37,0.039,education,47,45.9
@lifestyle_open_0879,Neon Style,1959,702,23,7,5,2.6,True,5.39,35.87,0.031,lifestyle,80,78.5
@gaming_quiet_0880,Neon Arena,25713,4249,60,16,19,0.99,True,2.27,16.53,0.006,gaming,70,69.8
@lifestyle_core_0881,Neon Living,67746,17941,113,0,27,1.25,False,1.07,26.48,0.084,lifestyle,57,54.1
@news_peak_0882,Prime Report,3488,1487,31,0,10,1.59,False,2.89,42.66,0.075,news,60,57.3
@music_nova_0883,Insider Beats,2396,602,25,0,8,1.72,False,6.71,25.14,0.014,music,60,59.5
@entertainment_vivid_0884,Global Fun,302,106,2,0,0,0.2,True,3.47,35.31,0.121,entertainment,47,43.6
@lifestyle_peak_0885,Neon Living,15977,5827,299,0,98,1.35,False,6.95,36.47,0.107,lifestyle,70,65.5
@health_bright_0886,Daily Fit,7839,1552,24,6,4,4.08,True,2.36,19.8,0.042,health,62,60.4
@news_alpha_0887,Daily Report,666,207,7,2,2,1.77,True,6.02,31.11,0.08,news,72,68.5
@business_vivid_0888,Insider Ventures,19474,4752,78,15,24,2.5,True,2.89,24.41,0.089,business,80,75.7
@business_vivid_0889,Bright Money,174,71,0,0,0,1.67,False,0.48,41.2,0.08,business,46.6,44.4
@crypto_quiet_0890,Insider DeFi,11464,5022,117,0,39,2.02,False,3.44,43.81,0.056,crypto,65,62.8
@entertainment_core_0891,Core Memes,24662,6506,186,0,37,1.59,False,4.04,26.38,0.026,entertainment,60,59.1
@gaming_global_0892,Vivid Games,82825,20804,271,51,82,2.46,True,1.93,25.12,0.1,gaming,77,72.4
@news_vivid_0893,Open Wire,24555,3947,23,7,7,1.77,True,0.83,16.08,0.083,news,60,57.0
@music_quiet_0894,Vivid Music,2648,679,14,4,3,0.04,True,2.98,25.67,0.054,music,50,48.4
@entertainment_bright_0895,Nova Vibes,2332,841,18,0,2,0.16,False,3.2,36.08,0.065,entertainment,45,43.2
@health_open_0896,Bright Fit,4956,1236,20,0,6,0.15,False,2.25,24.95,0.058,health,40,38.6
@tech_prime_0897,Insider Code,12064,2027,22,7,3,0.22,True,1.55,16.81,0.074,tech,55,52.6
@business_quiet_0898,Smart Capital,2851,1145,48,15,12,1.37,True,6.2,40.18,0.004,business,85,84.8
@crypto_daily_0899,Alpha Coins,13581,3061,96,0,23,1.9,False,4.38,22.55,0.058,crypto,60,57.9
@tech_open_0900,Insider Tech,609,193,1,0,0,1.63,True,1.29,31.8,0.107,tech,52,48.7
@gaming_nova_0901,Smart Games,742,251,8,0,2,0.36,False,5.5,33.93,0.089,gaming,52,49.2
@lifestyle_bright_0902,Global Travel,3008,1164,28,4,9,3.1,True,3.74,38.73,0.11,lifestyle,65,60.7
@news_insider_0903,Alpha News,2718,663,9,3,3,0.02,True,2.64,24.4,0.045,news,50,48.6
@gaming_vivid_0904,Quiet Games,565,218,2,0,0,3.03,False,2.02,38.6,0.074,gaming,52,49.7
@business_quiet_0905,Alpha Ventures,20780,6588,100,23,26,1.01,True,2.36,31.71,0.087,business,85,80.5
@crypto_smart_0906,Smart DeFi,4138,701,15,0,5,0.09,False,3.88,16.95,0.0,crypto,35,35.0
@news_core_0907,Daily Report,1700,707,10,1,2,2.51,True,2.35,41.61,0.044,news,70,68.2
@education_global_0908,Alpha Lessons,1465,481,6,0,2,0.21,False,1.81,32.85,0.073,education,45,43.0
@anime_global_0909,Insider Otaku,204,77,2,0,0,0.08,True,4.15,37.92,0.02,anime,42,41.5
@lifestyle_core_0910,Smart Style,1297,585,9,0,2,2.44,False,2.35,45.16,0.035,lifestyle,60,58.7
@news_peak_0911,Open News,3794,865,29,0,11,0.67,False,5.23,22.81,0.032,news,55,53.9
@education_alpha_0912,Smart Academy,1391,213,1,0,0,0.21,True,0.78,15.36,0.023,education,30,29.6
@gaming_smart_0913,Smart Esports,932,368,16,4,4,1.59,True,5.98,39.51,0.0,gaming,72,72.0
@health_quiet_0914,Daily Care,12333,3376,35,14,10,1.72,True,1.81,27.37,0.067,health,75,72.0
@news_peak_0915,Urban Report,2199,644,11,2,1,1.91,True,2.34,29.3,0.012,news,65,64.5
@education_alpha_0916,Insider Academy,2059,663,8,1,3,32.7,True,2.02,32.23,0.034,education,55,53.9
@education_quiet_0917,Bright Academy,22808,2648,28,0,7,1.83,False,1.83,11.61,0.015,education,50,49.5
@entertainment_urban_0918,Prime Vibes,1858,155,1,0,0,1.17,True,1.05,8.38,0.656,entertainment,39.19,23.8
@gaming_open_0919,Open Quest,3822,690,9,0,2,0.15,False,2.09,18.08,0.095,gaming,35,33.0
@business_alpha_0920,Quiet Money,522,207,4,1,1,17.3,True,3.3,39.79,0.068,business,52,49.9
@anime_global_0921,Vivid Manga,6763,2238,69,0,25,3.48,False,5.28,33.1,0.0,anime,62,62.0
@crypto_open_0922,Global Crypto,10709,3105,39,9,8,2.67,True,2.26,29.0,0.068,crypto,75,71.9
@tech_daily_0923,Alpha AI,60803,4290,85,16,18,0.39,True,2.67,7.06,0.038,tech,60.53,59.2
@entertainment_alpha_0924,Global Laughs,178,12,0,0,0,2.35,True,0.39,7.09,0.554,entertainment,28.35,18.9
@gaming_smart_0925,Global Esports,1523,317,5,0,1,31.9,False,3.01,20.86,0.0,gaming,40,40.0
@health_peak_0926,Core Care,17682,5438,168,0,36,2.23,False,4.94,30.75,0.01,health,65,64.6
@news_alpha_0927,Nova Report,19388,874,5,0,1,1.0,False,1.04,4.51,0.442,news,42.26,31.1
@news_prime_0928,Daily Report,2513,516,6,2,1,0.2,True,1.71,20.54,0.117,news,50,46.5
@politics_daily_0929,Urban Policy,164,55,0,0,0,3.36,False,2.4,33.63,0.057,politics,52,50.2
@music_smart_0930,Prime Tracks,9008,2591,11,0,3,0.23,False,0.75,28.77,0.028,music,37,36.4
@tech_smart_0931,Neon Tech,4371,1506,38,0,8,2.38,False,3.86,34.47,0.02,tech,60,59.3
@health_alpha_0932,Insider Health,5849,1760,0,0,0,2.48,True,0.05,30.1,0.02,health,43.0,42.5
@gaming_quiet_0933,Quiet Quest,3324,724,20,0,8,1.28,False,4.86,21.81,0.039,gaming,55,53.7
@tech_alpha_0934,Open Tech,351,95,4,0,1,3.21,True,7.01,27.33,0.0,tech,52,52.0
@news_nova_0935,Peak Report,7510,2462,54,12,17,1.05,True,3.71,32.79,0.125,news,82,75.8
@business_daily_0936,Alpha Ventures,78719,21566,342,115,82,1.26,True,2.22,27.4,0.036,business,82,80.2
@tech_bright_0937,Global Dev,577,166,4,1,0,2.16,True,4.22,28.89,0.0,tech,62,62.0
@politics_neon_0938,Core Politics,5130,1521,25,0,8,2.85,False,2.51,29.65,0.078,politics,57,54.3
@lifestyle_daily_0939,Peak Living,1685,593,8,1,2,1.43,True,2.05,35.2,0.073,lifestyle,70,66.9
@sports_neon_0940,Core Match,1245,267,3,1,1,14.4,True,2.45,21.52,0.054,sports,50,48.4
@health_neon_0941,Open Care,8716,2792,37,0,8,32.1,False,1.99,32.04,0.082,health,42,39.9
@crypto_vivid_0942,Urban Crypto,3239,909,9,1,2,2.68,True,1.75,28.09,0.105,crypto,60,56.2
@sports_global_0943,Global Match,4734,1584,40,0,8,3.66,False,3.6,33.48,0.0,sports,55,55.0
@entertainment_alpha_0944,Alpha Fun,707,209,5,1,1,0.2,True,4.06,29.6,0.085,entertainment,52,49.4
@education_open_0945,Neon Academy,1335,453,13,3,3,0.1,True,4.14,33.99,0.101,education,55,51.7
@music_insider_0946,Global Music,5288,1799,35,10,7,0.05,True,2.85,34.02,0.039,music,62,60.5
@crypto_alpha_0947,Global Chain,708,171,0,0,0,1.03,True,0.47,24.17,0.028,crypto,41.4,40.7
@education_alpha_0948,Insider Lessons,45984,8192,207,0,38,2.47,False,3.77,17.82,0.061,education,55,53.0
@politics_daily_0949,Insider Politics,4810,1203,55,0,15,1.72,False,6.32,25.03,0.081,politics,60,57.1
@crypto_neon_0950,Nova Crypto,13952,3987,97,27,29,1.99,True,3.62,28.58,0.033,crypto,80,78.4
@music_insider_0951,Insider Sound,3682,781,20,3,6,1.55,True,4.1,21.23,0.115,music,65,60.5
@education_smart_0952,Nova Academy,32378,909,6,1,2,1.11,True,1.07,2.81,0.12,education,51.4,47.7
@lifestyle_vivid_0953,Global Living,1067,268,7,2,2,1.75,True,4.56,25.18,0.041,lifestyle,65,63.4
@lifestyle_prime_0954,Alpha Style,44220,7124,66,0,20,0.08,False,1.36,16.11,0.045,lifestyle,35,34.1
@politics_peak_0955,Quiet Debate,9665,2624,74,0,20,0.18,False,4.84,27.16,0.0,politics,42,42.0
@sports_insider_0956,Nova Arena,5902,1333,23,7,4,0.17,True,3.19,22.6,0.106,sports,57,53.4
@lifestyle_peak_0957,Nova Travel,7213,2642,111,24,23,3.71,True,6.3,36.64,0.07,lifestyle,82,78.6
@gacha_bright_0958,Neon OC,235,91,0,0,0,1.76,False,0.06,38.78,0.074,gacha,38.2,36.5
@anime_urban_0959,Insider Sakura,10257,3940,106,22,22,0.2,True,4.51,38.42,0.073,anime,75,71.7
@gaming_nova_0960,Bright Esports,4253,1872,50,0,8,1.27,False,4.01,44.02,0.045,gaming,60,58.4
@lifestyle_quiet_0961,Neon Style,5524,1932,43,0,7,0.35,False,3.68,34.98,0.03,lifestyle,52,51.1
@tech_quiet_0962,Prime Code,1422,492,4,0,1,0.5,False,1.38,34.64,0.089,tech,50,47.3
@business_quiet_0963,Peak Capital,1211,402,12,3,2,4.4,True,5.62,33.26,0.087,business,70,66.3
@gaming_alpha_0964,Daily Arena,13694,2567,67,12,22,1.12,True,3.77,18.75,0.0,gaming,75,75.0
@lifestyle_vivid_0965,Insider Living,1767,475,8,0,3,0.2,False,3.13,26.91,0.041,lifestyle,45,43.9
@politics_prime_0966,Daily Debate,1902,848,33,5,9,2.76,True,6.85,44.61,0.072,politics,75,71.7
@tech_open_0967,Global Dev,39094,6639,141,0,50,37.8,False,3.77,16.98,0.093,tech,40,37.8
@tech_global_0968,Prime Tech,1945,395,8,0,3,2.78,False,3.57,20.35,0.006,tech,55,54.8
@entertainment_prime_0969,Quiet Fun,34533,6667,255,87,42,3.5,True,6.23,19.31,0.049,entertainment,75,72.8
@entertainment_daily_0970,Global Memes,11169,2828,90,0,23,0.44,False,4.36,25.33,0.0,entertainment,50,50.0
@sports_prime_0971,Peak Arena,45848,6412,73,16,17,1.76,True,1.61,13.99,0.065,sports,70,67.3
@gaming_urban_0972,Peak Games,9225,2304,28,7,8,1.81,True,2.15,24.98,0.08,gaming,72,68.5
@gaming_insider_0973,Global Quest,8592,2204,49,0,15,1.52,False,3.98,25.66,0.032,gaming,57,55.9
@tech_quiet_0974,Insider Tech,80609,15809,206,0,54,3.13,False,1.93,19.61,0.048,tech,47,45.7
@anime_alpha_0975,Global Otaku,149097,43873,241,0,66,3.35,False,0.77,29.43,0.013,anime,50,49.6
@tech_peak_0976,Core AI,3426,1171,14,2,3,3.03,True,1.72,34.19,0.043,tech,60,58.5
@education_vivid_0977,Daily Lessons,16249,4609,141,0,43,1.09,False,4.73,28.37,0.067,education,60,57.6
@business_nova_0978,Quiet Ventures,483,210,4,0,0,1.11,False,2.93,43.6,0.049,business,57,55.3
@entertainment_smart_0979,Alpha Vibes,11385,1883,12,3,3,0.64,True,1.09,16.54,0.131,entertainment,55,50.7
@tech_global_0980,Insider Tech,902,310,14,0,3,0.2,False,6.69,34.39,0.001,tech,52,52.0
@politics_urban_0981,Peak Debate,12023,2910,87,26,17,0.88,True,4.24,24.21,0.045,politics,75,73.0
@business_neon_0982,Prime Capital,3817,1166,51,0,11,22.5,False,6.45,30.57,0.024,business,50,49.3
@business_quiet_0983,Peak Capital,1074,301,12,1,3,0.01,True,5.64,28.03,0.047,business,55,53.4
@education_nova_0984,Prime Course,519,187,2,0,0,1.0,False,1.99,36.16,0.038,education,52,50.8
@gaming_alpha_0985,Peak Arena,100,28,0,0,0,2.64,False,4.45,28.53,0.0,gaming,52,52.0
@gaming_vivid_0986,Vivid Arena,12982,5824,86,27,15,2.52,True,2.23,44.86,0.134,gaming,85,78.1
@music_daily_0987,Prime Music,6460,1219,46,10,18,14.7,True,6.49,18.88,0.044,music,57,55.5
@sports_global_0988,Insider League,86028,28766,1139,238,303,3.33,True,5.34,33.44,0.091,sports,87,82.3
@politics_global_0989,Neon Policy,4523,1991,60,0,13,1.75,False,5.07,44.02,0.086,politics,65,61.6
@crypto_insider_0990,Bright Coins,1829,792,17,0,3,29.5,False,3.75,43.33,0.082,crypto,45,42.8
@news_quiet_0991,Neon Report,271,74,2,0,0,1.25,True,5.64,27.33,0.062,news,57,54.9
@news_open_0992,Global News,3578,1464,39,0,8,2.03,False,4.02,40.93,0.082,news,60,57.0
@news_insider_0993,Vivid Report,2160,671,12,0,1,2.43,False,2.74,31.09,0.06,news,60,57.8
@entertainment_urban_0994,Prime Fun,8095,1810,73,0,24,1.84,False,5.6,22.36,0.146,entertainment,62,56.6
@business_open_0995,Insider Market,32227,6440,79,0,27,1.2,False,1.88,19.99,0.059,business,50,48.2
@business_quiet_0996,Core Money,29175,7909,104,39,37,1.15,True,2.22,27.11,0.055,business,80,77.4
@entertainment_nova_0997,Alpha Fun,719,235,1,0,0,0.2,False,0.87,32.72,0.045,entertainment,37,36.0
@gaming_quiet_0998,Peak Esports,1275,332,10,3,4,0.16,True,5.63,26.05,0.037,gaming,55,53.8
@education_core_0999,Open Learn,8433,2413,45,13,11,1.99,True,3.38,28.63,0.092,education,77,72.7
@entertainment_bright_1000,Alpha Fun,40113,10982,196,0,56,2.92,False,2.62,27.38,0.0,entertainment,60,60.0
@crypto_bright_1001,Open DeFi,104173,33415,230,42,44,2.93,True,0.97,32.08,0.077,crypto,80,76.3
@crypto_smart_1002,Insider Chain,20701,6756,2,0,0,1.72,True,0.05,32.64,0.026,crypto,46.0,45.3
@news_global_1003,Urban Report,100,48,1,0,0,0.49,False,4.25,48.35,0.073,news,47,44.9
@gacha_peak_1004,Peak GLMV,4661,1783,21,0,3,2.16,False,2.12,38.26,0.071,gacha,60,57.4
@entertainment_quiet_1005,Daily Fun,5231,2298,24,8,5,3.87,True,1.79,43.94,0.0,entertainment,67,67.0
@music_bright_1006,Prime Beats,1606,651,35,8,7,3.11,True,7.43,40.58,0.048,music,75,72.8
@education_global_1007,Alpha Lessons,35604,8850,68,28,23,0.2,True,1.37,24.86,0.0,education,65,65.0
@health_neon_1008,Open Fit,3000000,416925,14846,4526,3400,2.28,True,5.59,13.9,0.067,health,85,81.6
@crypto_neon_1009,Vivid Crypto,45603,11986,152,30,27,0.93,True,2.19,26.28,0.0,crypto,75,75.0
@music_neon_1010,Core Music,3661,1230,12,3,1,1.44,True,1.39,33.6,0.061,music,65,62.6
@tech_daily_1011,Prime AI,14003,3831,148,42,25,2.22,True,5.72,27.36,0.051,tech,85,82.4
@politics_alpha_1012,Smart Forum,2625,220,2,0,0,12.4,False,1.77,8.39,0.3,politics,24.19,19.8
@gaming_nova_1013,Neon Arena,32005,5695,77,13,21,1.74,True,1.98,17.8,0.03,gaming,70,68.7
@news_peak_1014,Nova Digest,301,122,3,1,1,33.7,True,4.67,40.79,0.017,news,52,51.5
@entertainment_daily_1015,Daily Memes,278,91,2,0,0,0.13,True,4.73,32.86,0.0,entertainment,42,42.0
@news_smart_1016,Alpha News,362,116,4,1,1,30.3,True,5.07,32.23,0.065,news,57,54.8
@music_global_1017,Smart Music,8338,2315,71,19,22,1.29,True,5.17,27.77,0.088,music,82,77.7
@music_vivid_1018,Urban Sound,2017,728,30,7,9,0.2,True,6.17,36.14,0.0,music,70,70.0
@health_insider_1019,Open Health,1020,326,6,2,1,0.01,True,3.07,31.97,0.006,health,55,54.8
@tech_global_1020,Global Dev,4611,1570,22,6,4,0.06,True,2.43,34.06,0.034,tech,60,58.8
@tech_daily_1021,Bright AI,2447,804,24,5,6,2.59,True,4.97,32.89,0.043,tech,70,68.2
@crypto_alpha_1022,Vivid Crypto,2921,773,2,0,1,1.73,False,0.62,26.48,0.018,crypto,45,44.5
@education_global_1023,Open Course,8859,2678,0,0,0,0.19,True,0.05,30.24,0.068,education,28.0,26.9
@business_bright_1024,Smart Ventures,10952,1176,52,11,14,3.58,True,6.12,10.75,0.045,business,75,73.0
@entertainment_prime_1025,Peak Vibes,223,117,2,0,0,1.07,True,3.68,52.48,0.078,entertainment,62,59.1
@entertainment_alpha_1026,Neon Fun,1491,518,4,1,1,1.21,True,1.44,34.8,0.083,entertainment,65,61.8
@business_core_1027,Vivid Market,179,55,1,0,0,0.75,False,4.03,30.77,0.006,business,52,51.8
@politics_daily_1028,Smart Debate,1086,411,10,2,3,0.91,True,4.13,37.85,0.073,politics,65,62.2
@music_open_1029,Alpha Beats,1960,173,0,0,0,1.5,False,0.29,8.83,0.718,music,30.22,17.2
@health_nova_1030,Smart Health,4750,1788,51,0,16,3.38,False,4.69,37.65,0.064,health,55,52.9
@gaming_neon_1031,Urban Arena,143172,50846,1043,280,252,0.2,True,3.46,35.51,0.085,gaming,80,75.9
@music_open_1032,Alpha Sound,3197,675,3,0,0,1.16,False,0.74,21.12,0.063,music,45,43.3
@sports_global_1033,Open Match,7726,1490,14,0,5,1.7,False,1.57,19.29,0.041,sports,47,45.9
@entertainment_bright_1034,Global Laughs,4681,1606,58,19,18,3.65,True,5.47,34.31,0.068,entertainment,80,76.7
@health_alpha_1035,Alpha Care,11043,3850,152,0,60,1.0,False,6.49,34.87,0.04,health,70,68.3
@lifestyle_alpha_1036,Alpha Home,1729,612,9,3,2,2.46,True,2.61,35.41,0.001,lifestyle,70,70.0
@entertainment_prime_1037,Vivid Laughs,506,133,7,0,1,2.09,False,8.42,26.44,0.037,entertainment,57,55.7
@entertainment_bright_1038,Quiet Laughs,2785,1033,21,6,6,2.37,True,3.7,37.1,0.02,entertainment,75,74.1
@gaming_bright_1039,Smart Arena,6474,1001,13,4,2,0.06,True,2.33,15.47,0.048,gaming,47,45.7
@business_neon_1040,Daily Ventures,876,311,4,0,1,2.68,True,1.8,35.57,0.063,business,52,50.0
@business_daily_1041,Neon Money,47922,17680,522,194,154,2.63,True,5.12,36.89,0.026,business,90,88.6
@education_peak_1042,Alpha Course,386,163,3,0,0,1.89,False,3.33,42.47,0.085,education,57,54.1
@health_core_1043,Daily Care,2392,958,22,5,8,2.09,True,3.46,40.06,0.092,health,70,66.1
@sports_quiet_1044,Peak League,17314,8500,277,0,96,2.6,False,5.1,49.1,0.008,sports,70,69.7
@lifestyle_insider_1045,Insider Travel,9531,4090,150,0,53,4.53,False,5.64,42.92,0.022,lifestyle,62,61.2
@gaming_daily_1046,Global Arena,3202,727,16,0,6,0.53,False,3.82,22.72,0.073,gaming,50,47.8
@gaming_global_1047,Quiet Quest,1182,333,14,3,4,1.91,True,6.16,28.26,0.048,gaming,70,68.0
@business_quiet_1048,Quiet Market,5770,1549,49,12,10,2.16,True,5.31,26.86,0.029,business,82,80.5
@business_peak_1049,Quiet Ventures,1775,672,23,0,4,0.99,False,4.88,37.89,0.0,business,55,55.0
@news_prime_1050,Urban Digest,8463,1398,20,5,4,2.37,True,2.02,16.53,0.079,news,62,59.1
@lifestyle_peak_1051,Peak Home,100,29,1,0,0,0.76,False,7.13,29.98,0.059,lifestyle,52,50.2
@education_daily_1052,Bright Course,13419,592,7,1,2,0.2,True,1.76,4.41,0.56,education,42.21,28.0
@entertainment_neon_1053,Smart Laughs,4183,803,28,0,6,1.43,False,6.17,19.22,0.0,entertainment,55,55.0
@crypto_open_1054,Open Coins,987,398,11,0,4,3.37,False,4.44,40.41,0.014,crypto,52,51.6
@business_smart_1055,Global Market,13067,4650,63,14,18,1.06,True,2.05,35.59,0.0,business,85,85.0
@entertainment_insider_1056,Bright Memes,41300,6338,167,0,68,0.43,False,4.65,15.35,0.0,entertainment,45,45.0
@crypto_bright_1057,Insider DeFi,849,268,9,0,3,1.14,False,4.87,31.59,0.0,crypto,57,57.0
@music_vivid_1058,Alpha Beats,1264,535,12,0,3,0.06,False,3.74,42.35,0.049,music,45,43.7
@gaming_daily_1059,Insider Esports,289712,54896,430,133,77,1.51,True,1.09,18.95,0.023,gaming,75,73.9
@business_vivid_1060,Nova Money,8332,2163,63,19,22,1.21,True,4.46,25.96,0.059,business,77,74.3
@health_peak_1061,Prime Care,10078,2784,46,14,16,0.18,True,3.01,27.63,0.035,health,65,63.6
@politics_quiet_1062,Vivid Forum,35535,2937,41,0,15,0.59,False,2.34,8.27,0.045,politics,44.13,42.9
@entertainment_vivid_1063,Core Vibes,20986,4341,112,0,31,2.72,False,4.29,20.69,0.073,entertainment,60,57.4
@politics_nova_1064,Open Debate,338,74,2,0,0,2.32,False,6.18,21.98,0.0,politics,57,57.0
@education_daily_1065,Vivid Lessons,55873,10985,280,0,60,3.05,False,3.78,19.66,0.054,education,52,50.3
@gaming_global_1066,Global Quest,15602,838,4,0,1,2.77,False,0.87,5.37,0.585,gaming,37.69,24.5
@lifestyle_core_1067,Bright Travel,1550,309,1,0,0,3.0,True,0.85,19.97,0.094,lifestyle,40,37.8
@crypto_daily_1068,Prime Chain,2724,560,24,0,8,2.61,False,6.25,20.59,0.0,crypto,60,60.0
@business_global_1069,Alpha Capital,4541,1358,28,0,7,2.99,False,2.91,29.91,0.001,business,55,55.0
@anime_smart_1070,Daily Manga,151,46,0,0,0,0.7,True,0.16,30.99,0.052,anime,35.2,34.1
@politics_neon_1071,Open Politics,52429,10096,14,0,4,3.0,False,0.22,19.26,0.044,politics,41.4,40.3
@crypto_quiet_1072,Daily DeFi,20564,8225,191,0,51,3.87,False,3.8,40.0,0.005,crypto,60,59.8
@business_vivid_1073,Peak Capital,51959,17380,601,0,158,1.71,False,5.12,33.45,0.0,business,72,72.0
@education_insider_1074,Vivid Lessons,25718,9156,88,0,34,1.69,False,1.68,35.6,0.011,education,60,59.6
@education_insider_1075,Urban Lessons,13450,1963,54,0,10,2.25,False,4.25,14.6,0.023,education,55,54.2
@tech_alpha_1076,Peak Tech,5756,1715,59,0,9,2.55,False,5.38,29.81,0.062,tech,62,59.7
@lifestyle_core_1077,Urban Home,1392,440,10,2,4,0.2,True,4.14,31.63,0.046,lifestyle,60,58.4
@health_global_1078,Bright Wellness,5240,537,14,3,4,3.0,True,3.54,10.27,0.061,health,62,59.7
@crypto_alpha_1079,Vivid Chain,1204,381,8,0,1,35.5,False,3.71,31.67,0.055,crypto,45,43.5
@anime_prime_1080,Nova Manga,5846,596,5,0,1,2.08,False,1.69,10.2,0.555,anime,47,31.3
@news_neon_1081,Quiet News,8539,1243,17,0,3,0.14,False,1.89,14.56,0.049,news,32,31.1
@tech_smart_1082,Peak Dev,3739,862,13,3,3,2.13,True,2.05,23.07,0.161,tech,65,58.7
@education_alpha_1083,Urban Academy,21427,4682,35,0,7,0.05,False,1.34,21.85,0.125,education,40,37.0
@crypto_peak_1084,Vivid Crypto,196,58,0,0,0,0.4,True,1.82,29.76,0.049,crypto,37,35.9
@lifestyle_vivid_1085,Urban Travel,23115,6419,163,42,48,1.9,True,4.4,27.77,0.048,lifestyle,80,77.7
@crypto_daily_1086,Global Crypto,23894,8575,189,0,66,2.26,False,3.91,35.89,0.059,crypto,65,62.7
@crypto_daily_1087,Neon DeFi,31259,8632,300,69,68,1.26,True,4.88,27.61,0.0,crypto,80,80.0
@health_alpha_1088,Prime Wellness,35967,5526,109,35,44,2.37,True,3.49,15.36,0.008,health,75,74.6
@politics_prime_1089,Urban Politics,34237,8485,189,0,52,34.4,False,4.02,24.79,0.035,politics,45,44.1
@education_urban_1090,Core Lessons,2014,654,21,0,6,2.26,False,4.74,32.52,0.076,education,60,57.3
@crypto_core_1091,Alpha Crypto,5309,1631,4,0,1,1.88,False,0.39,30.73,0.019,crypto,49.8,49.2
@news_prime_1092,Neon News,614,306,7,2,2,1.54,True,4.21,49.9,0.042,news,67,65.3
@news_vivid_1093,Core Digest,2792,1188,54,0,14,0.2,False,6.86,42.58,0.0,news,55,55.0
@music_bright_1094,Insider Beats,6066,2325,40,10,13,2.35,True,2.78,38.34,0.078,music,77,73.4
@politics_daily_1095,Core Forum,10784,3699,118,33,47,0.02,True,5.77,34.3,0.1,politics,75,70.5
@politics_prime_1096,Insider Debate,275,98,1,0,0,2.11,True,2.23,35.84,0.046,politics,57,55.4
@music_bright_1097,Global Beats,1213,324,8,0,2,1.74,False,4.29,26.75,0.076,music,55,52.5
@news_global_1098,Peak Wire,1189,580,7,1,2,2.66,True,2.11,48.83,0.076,news,70,66.8
@business_daily_1099,Core Market,1192,403,5,0,1,2.05,False,1.98,33.88,0.089,business,55,52.1
@education_global_1100,Nova Academy,640,181,1,0,0,1.41,False,0.83,28.43,0.022,education,42,41.4
@business_peak_1101,Open Market,924,303,3,0,0,0.78,False,2.03,32.88,0.0,business,52,52.0
@education_nova_1102,Neon Lessons,4242,1419,26,7,5,0.22,True,2.55,33.47,0.098,education,65,61.2
@gaming_vivid_1103,Nova Esports,1427,458,8,0,2,2.82,False,3.24,32.13,0.067,gaming,60,57.6
@politics_bright_1104,Neon Policy,8888,2507,87,18,27,0.05,True,4.66,28.22,0.079,politics,62,59.1
@education_bright_1105,Quiet Lessons,5081,1228,14,4,4,2.5,True,1.59,24.17,0.006,education,62,61.8
@music_urban_1106,Smart Tracks,2632,829,11,2,3,28.2,True,2.17,31.53,0.094,music,55,51.9
@news_bright_1107,Urban News,1147,349,10,0,1,3.48,False,4.35,30.51,0.08,news,55,52.4
@news_open_1108,Peak Report,373,195,4,1,1,0.84,True,3.6,52.31,0.022,news,67,66.1
@lifestyle_quiet_1109,Urban Style,1415,638,18,5,3,2.29,True,3.94,45.1,0.055,lifestyle,70,67.7
@business_alpha_1110,Bright Money,820,179,4,0,2,1.56,False,4.81,21.94,0.107,business,52,48.7
@entertainment_nova_1111,Prime Fun,2673,792,17,2,4,1.73,True,3.17,29.63,0.081,entertainment,65,61.8
@education_global_1112,Neon Course,18699,939,9,3,2,32.7,True,1.66,5.03,0.534,education,37.51,25.5
@entertainment_daily_1113,Open Memes,16853,3885,71,0,21,2.44,False,2.55,23.06,0.015,entertainment,60,59.5
@education_core_1114,Alpha Course,1540,518,22,0,3,1.49,False,6.2,33.66,0.067,education,65,62.4
@business_peak_1115,Global Capital,8669,2583,61,0,13,17.7,False,3.4,29.8,0.01,business,42,41.8
@lifestyle_urban_1116,Quiet Home,2203,867,27,4,10,1.47,True,5.33,39.4,0.011,lifestyle,75,74.5
@tech_smart_1117,Peak Dev,372,124,3,0,1,3.55,True,4.23,33.39,0.056,tech,52,50.2
@lifestyle_daily_1118,Quiet Living,1417,32,0,0,0,2.62,False,0.47,2.27,0.641,lifestyle,30.53,18.8
@gaming_bright_1119,Urban Arena,780,107,1,0,0,2.06,False,2.65,13.79,0.442,gaming,47,34.5
@entertainment_quiet_1120,Urban Memes,482087,105048,1664,584,491,1.78,True,2.33,21.79,0.0,entertainment,85,85.0
@crypto_core_1121,Bright Chain,2090,160,1,0,0,1.93,True,1.42,7.67,0.579,crypto,38.84,25.4
@business_bright_1122,Urban Capital,5052,2152,47,0,11,1.4,False,3.02,42.61,0.039,business,62,60.6
@music_peak_1123,Alpha Tracks,3762,1166,25,0,9,1.84,False,3.84,31.0,0.103,music,60,56.3
@news_bright_1124,Global Wire,11182,3745,18,0,5,3.11,False,0.68,33.49,0.09,news,50,47.3
@lifestyle_vivid_1125,Urban Style,3600,958,17,0,5,2.73,False,2.59,26.64,0.05,lifestyle,55,53.3
@gaming_nova_1126,Insider Games,1733,672,16,0,4,0.93,False,3.69,38.82,0.005,gaming,55,54.8
@entertainment_quiet_1127,Global Vibes,300,124,2,0,0,0.97,False,3.12,41.61,0.114,entertainment,52,48.4
@sports_core_1128,Urban Match,12884,3702,19,0,4,1.73,False,0.85,28.73,0.052,sports,50,48.5
@politics_neon_1129,Neon Forum,789,226,9,0,3,2.86,False,6.07,28.75,0.054,politics,57,55.1
@entertainment_vivid_1130,Daily Vibes,7024,2203,23,4,5,32.4,True,1.44,31.37,0.086,entertainment,52,49.3
@education_bright_1131,Open Course,104637,29649,893,0,354,2.19,False,5.09,28.34,0.119,education,70,65.0
@lifestyle_global_1132,Prime Home,356,98,2,0,0,0.09,False,3.1,27.7,0.0,lifestyle,37,37.0
@entertainment_neon_1133,Urban Vibes,24936,5755,172,29,63,2.41,True,4.92,23.08,0.047,entertainment,80,77.7
@gaming_core_1134,Alpha Games,18500,6797,118,0,44,2.82,False,2.65,36.74,0.034,gaming,65,63.7
@news_prime_1135,Urban News,309,110,2,0,0,3.12,True,2.61,35.74,0.037,news,52,50.8
@business_neon_1136,Global Ventures,4132,1200,28,8,11,30.3,True,4.26,29.05,0.014,business,55,54.5
@politics_neon_1137,Core Debate,32816,7476,151,0,28,0.1,False,3.62,22.78,0.0,politics,45,45.0
@education_peak_1138,Bright Course,68296,20139,314,0,96,0.6,False,2.41,29.49,0.044,education,57,55.5
@education_smart_1139,Bright Learn,5856,1815,48,9,16,1.11,True,3.79,31.0,0.059,education,77,74.3
@crypto_bright_1140,Alpha Coins,15439,1344,20,3,7,1.58,True,2.52,8.71,0.0,crypto,59.36,59.4
@entertainment_daily_1141,Insider Vibes,1168,342,14,3,3,2.48,True,6.21,29.32,0.049,entertainment,70,67.9
@health_quiet_1142,Nova Wellness,669,279,17,0,4,0.46,False,10.2,41.71,0.044,health,52,50.6
@lifestyle_daily_1143,Peak Style,100,42,1,0,0,2.22,False,3.58,42.8,0.074,lifestyle,57,54.5
@music_insider_1144,Open Sound,254,76,1,0,0,2.33,True,2.86,29.93,0.023,music,52,51.3
@entertainment_core_1145,Alpha Fun,6179,2782,8,0,2,0.16,False,0.55,45.03,0.117,entertainment,37,34.4
@lifestyle_insider_1146,Bright Home,1927,629,20,0,6,3.39,False,5.03,32.66,0.069,lifestyle,60,57.5
@music_quiet_1147,Alpha Tracks,796,195,5,0,0,0.57,False,3.76,24.52,0.05,music,47,45.6
@business_core_1148,Nova Capital,3030,1007,33,0,6,0.2,False,5.22,33.25,0.011,business,55,54.6
@news_nova_1149,Alpha Wire,19243,5451,6,1,1,1.88,True,0.18,28.33,0.013,news,53.6,53.2
@business_nova_1150,Neon Money,1508,102,0,0,0,0.63,False,0.98,6.82,0.56,business,28.41,18.9
@news_insider_1151,Global Wire,751,244,7,2,1,1.2,True,4.8,32.57,0.067,news,67,64.3
@education_quiet_1152,Nova Course,20606,2911,67,0,15,1.37,False,4.12,14.13,0.049,education,55,53.4
@lifestyle_bright_1153,Peak Style,345,173,3,0,0,1.95,True,3.05,50.43,0.077,lifestyle,62,59.1
@lifestyle_nova_1154,Insider Living,738,247,5,2,1,2.47,True,4.28,33.56,0.064,lifestyle,67,64.4
@crypto_smart_1155,Daily DeFi,3217,617,17,3,5,3.84,True,4.47,19.21,0.069,crypto,55,52.7
@lifestyle_insider_1156,Core Living,2176,596,13,0,2,2.97,False,3.83,27.41,0.034,lifestyle,55,53.9
@movies_core_1157,Global Reel,1809,783,16,0,5,0.2,False,3.29,43.3,0.029,movies,50,49.1
@entertainment_open_1158,Nova Laughs,35037,9429,320,0,119,0.84,False,5.8,26.91,0.0,entertainment,60,60.0
@news_alpha_1159,Core Report,2483,490,9,1,2,0.1,True,2.67,19.75,0.063,news,45,43.3
@news_vivid_1160,Open Digest,545,161,4,0,0,2.96,True,3.82,29.67,0.105,news,52,48.7
@politics_prime_1161,Neon Politics,8592,2659,91,26,15,2.72,True,4.7,30.95,0.024,politics,82,80.8
@lifestyle_nova_1162,Vivid Living,3931,676,17,6,5,1.45,True,4.17,17.2,0.052,lifestyle,65,63.0
@politics_quiet_1163,Prime Politics,16402,5693,107,28,39,0.01,True,2.84,34.71,0.068,politics,70,67.1
@business_core_1164,Neon Money,27502,7320,142,0,37,1.1,False,2.86,26.62,0.051,business,60,58.2
@news_bright_1165,Smart News,4241,1424,16,0,6,1.21,False,1.91,33.58,0.004,news,55,54.9
@crypto_alpha_1166,Peak Coins,103805,12726,513,0,121,1.43,False,5.46,12.26,0.037,crypto,65,63.6
@business_neon_1167,Quiet Market,1279,543,29,0,6,2.02,False,8.14,42.53,0.014,business,65,64.5
@crypto_daily_1168,Daily Coins,100,31,0,0,0,0.94,True,4.08,31.0,0.044,crypto,52,50.6
@gaming_alpha_1169,Vivid Quest,5447,2166,49,14,13,2.65,True,3.54,39.78,0.056,gaming,82,79.2
@tech_prime_1170,Daily Code,3187,747,18,0,4,0.2,False,3.68,23.46,0.088,tech,45,42.6
@entertainment_vivid_1171,Prime Fun,1072,226,6,1,1,1.43,True,4.11,21.13,0.038,entertainment,65,63.5
@news_peak_1172,Alpha Digest,22641,8442,235,0,63,0.1,False,4.38,37.29,0.035,news,50,48.9
@entertainment_peak_1173,Vivid Memes,2604,671,10,0,3,4.08,False,2.43,25.79,0.04,entertainment,50,48.8
@education_smart_1174,Bright Academy,13088,4031,76,0,11,1.19,False,2.7,30.81,0.071,education,65,62.2
@crypto_open_1175,Urban Coins,2715,1126,17,4,2,0.66,True,2.55,41.48,0.021,crypto,65,64.2
@sports_alpha_1176,Insider Arena,6428,2503,60,12,9,0.54,True,3.72,38.95,0.037,sports,77,75.3
@politics_quiet_1177,Daily Politics,15183,3216,102,23,37,0.4,True,4.99,21.18,0.0,politics,70,70.0
@lifestyle_global_1178,Urban Travel,7487,565,8,2,2,4.43,True,2.42,7.56,0.469,lifestyle,50.78,36.5
@politics_vivid_1179,Prime Policy,11524,2956,83,24,14,1.94,True,4.08,25.65,0.0,politics,80,80.0
@education_prime_1180,Daily Course,25552,5503,133,0,30,0.07,False,3.92,21.54,0.03,education,45,44.2
@business_peak_1181,Peak Ventures,181,61,2,0,1,2.56,False,7.61,33.77,0.026,business,62,61.0
@crypto_quiet_1182,Peak DeFi,886,194,0,0,0,2.35,False,0.06,21.91,0.021,crypto,33.2,32.8
@tech_nova_1183,Alpha Dev,4886,1753,58,0,13,2.31,False,5.73,35.88,0.048,tech,65,63.1
@health_global_1184,Daily Fit,3497,904,15,4,5,2.17,True,2.31,25.87,0.006,health,65,64.8
@news_global_1185,Bright News,561,127,4,1,0,30.0,True,5.01,22.7,0.02,news,52,51.4
@music_bright_1186,Quiet Music,12170,3992,17,3,4,1.07,True,0.69,32.81,0.048,music,65,63.1
@business_vivid_1187,Global Money,771,375,14,0,2,1.86,False,6.56,48.76,0.062,business,62,59.7
@news_daily_1188,Open Report,4145,1700,43,0,15,1.3,False,3.92,41.02,0.118,news,60,55.8
@news_daily_1189,Global Report,2410,614,16,0,4,0.41,False,4.31,25.48,0.064,news,45,43.3
@tech_daily_1190,Nova AI,7726,3046,90,12,19,1.9,True,4.04,39.43,0.074,tech,82,78.3
@gaming_insider_1191,Quiet Arena,3908,1153,19,0,5,1.92,False,2.45,29.52,0.065,gaming,55,52.8
@lifestyle_prime_1192,Quiet Living,1495,500,13,0,2,1.31,False,3.75,33.5,0.056,lifestyle,60,58.0
@tech_urban_1193,Bright Tech,669,55,0,0,0,2.87,True,1.96,8.32,0.49,tech,36.16,25.5
@sports_global_1194,Prime Sports,1964,577,18,3,3,2.89,True,4.34,29.39,0.072,sports,65,62.2
@sports_daily_1195,Nova Arena,4614,409,3,0,1,1.82,False,1.4,8.87,0.663,sports,39.43,23.7
@health_neon_1196,Daily Health,19269,5492,27,0,6,1.25,False,0.67,28.5,0.055,health,50,48.3
@anime_quiet_1197,Smart Manga,9826,3283,61,0,15,0.2,False,2.87,33.41,0.068,anime,52,49.9
@business_urban_1198,Bright Capital,1119,410,8,3,2,3.33,True,3.47,36.65,0.0,business,65,65.0
@gaming_open_1199,Smart Arena,1441,582,23,3,5,3.98,True,5.47,40.43,0.099,gaming,70,65.8
@crypto_bright_1200,Smart Crypto,420,165,1,0,0,3.64,False,1.03,39.5,0.039,crypto,47,45.9
@lifestyle_open_1201,Daily Travel,723,68,0,0,0,3.12,False,1.49,9.52,0.695,lifestyle,31.76,18.5
@music_quiet_1202,Open Music,54308,12568,319,0,107,0.14,False,4.29,23.14,0.117,music,47,43.7
@gacha_bright_1203,Smart Gacha,1021,278,6,2,1,2.92,True,4.03,27.31,0.072,gacha,65,62.2
@news_open_1204,Neon News,431,112,4,0,0,1.05,False,5.62,26.13,0.01,news,57,56.6
@news_vivid_1205,Bright Report,6248,1401,14,4,4,3.13,True,1.51,22.43,0.066,news,57,54.7
@news_alpha_1206,Neon News,213,63,1,0,0,1.26,False,2.84,29.89,0.063,news,52,50.0
@health_quiet_1207,Vivid Fit,548,268,0,0,0,3.54,True,0.52,49.0,0.082,health,42,39.9
@business_insider_1208,Bright Ventures,9565,2496,40,0,11,3.67,False,2.21,26.11,0.026,business,52,51.2
@crypto_neon_1209,Core Chain,1823,716,18,6,4,2.02,True,4.46,39.32,0.011,crypto,75,74.5
@crypto_vivid_1210,Daily Coins,1733,473,14,3,3,0.2,True,5.5,27.32,0.07,crypto,60,57.5
@business_bright_1211,Smart Ventures,322,133,6,0,1,0.81,False,6.59,41.32,0.113,business,57,53.1
@crypto_daily_1212,Smart Crypto,2336,704,18,0,4,2.41,False,3.75,30.14,0.048,crypto,60,58.3
@entertainment_daily_1213,Alpha Fun,14331,2713,76,19,23,0.2,True,4.28,18.94,0.054,entertainment,65,62.9
@education_global_1214,Core Academy,623,244,4,0,0,0.01,False,2.76,39.3,0.008,education,42,41.8
@business_bright_1215,Peak Money,6926,2032,58,18,9,2.86,True,4.27,29.35,0.098,business,77,72.5
@tech_alpha_1216,Open Tech,220,79,2,0,0,1.58,True,5.97,36.24,0.061,tech,62,59.7
@lifestyle_urban_1217,Smart Travel,830,162,1,0,0,2.14,False,1.42,19.61,0.003,lifestyle,42,41.9
@politics_quiet_1218,Bright Forum,14109,909,8,1,3,1.64,True,1.51,6.45,0.374,politics,53.22,41.3
@lifestyle_daily_1219,Urban Style,1694,393,8,2,2,0.2,True,3.2,23.23,0.124,lifestyle,55,50.9
@politics_quiet_1220,Smart Policy,2191,867,0,0,0,2.0,True,0.05,39.57,0.075,politics,41.0,39.2
@entertainment_urban_1221,Insider Vibes,494,189,3,0,1,2.99,True,2.95,38.44,0.109,entertainment,57,53.3
@entertainment_neon_1222,Urban Laughs,5067,1156,24,4,7,1.13,True,3.12,22.82,0.11,entertainment,67,62.6
@lifestyle_prime_1223,Prime Living,32909,2979,67,14,12,1.07,True,3.36,9.05,0.058,lifestyle,69.53,67.1
@entertainment_global_1224,Neon Laughs,1720,565,14,2,4,2.62,True,3.69,32.86,0.104,entertainment,70,65.6
@crypto_quiet_1225,Quiet Chain,4151,498,0,0,0,2.63,True,0.02,12.01,0.585,crypto,30.4,19.7
@news_quiet_1226,Quiet News,12858,4327,136,46,35,2.85,True,5.68,33.66,0.0,news,90,90.0
@gaming_neon_1227,Smart Quest,16798,3807,154,0,29,0.2,False,6.1,22.67,0.029,gaming,55,54.0
@politics_nova_1228,Open Debate,7049,2415,38,0,10,0.7,False,2.13,34.27,0.017,politics,57,56.4
@news_vivid_1229,Nova Wire,732,241,6,1,0,1.47,True,3.64,32.92,0.093,news,67,63.2
@tech_peak_1230,Core Code,5125,1468,45,12,16,0.29,True,4.47,28.66,0.002,tech,67,66.9
@sports_neon_1231,Peak League,4977,1365,28,4,10,2.13,True,3.26,27.43,0.051,sports,65,63.0
@gaming_nova_1232,Neon Games,337,115,2,0,1,2.87,False,3.87,34.15,0.0,gaming,57,57.0
@entertainment_open_1233,Open Memes,48160,7269,204,47,43,1.87,True,4.51,15.09,0.004,entertainment,75,74.8
@business_alpha_1234,Global Capital,49200,7133,83,0,14,1.76,False,1.65,14.5,0.119,business,50,46.4
@entertainment_peak_1235,Global Fun,777,221,6,2,2,2.02,True,4.6,28.54,0.076,entertainment,62,59.2
@movies_daily_1236,Quiet Screen,24706,5444,145,52,42,2.37,True,4.12,22.04,0.03,movies,80,78.5
@lifestyle_core_1237,Daily Home,5014,1703,45,0,11,3.25,False,3.78,33.98,0.06,lifestyle,57,54.9
@lifestyle_daily_1238,Peak Home,18962,738,6,0,0,2.68,False,1.14,3.89,0.559,lifestyle,41.95,27.9
@news_nova_1239,Quiet Digest,22876,6493,145,0,36,0.17,False,3.66,28.39,0.08,news,45,42.8
@crypto_core_1240,Core Coins,87637,18478,650,0,162,1.11,False,5.8,21.09,0.019,crypto,67,66.2
@tech_alpha_1241,Vivid Code,16849,1585,54,0,10,0.68,False,4.74,9.41,0.0,tech,44.71,44.7
@entertainment_nova_1242,Neon Laughs,4275,1293,34,8,7,1.42,True,4.58,30.26,0.03,entertainment,75,73.6
@crypto_prime_1243,Open DeFi,13417,2552,83,0,22,0.04,False,5.25,19.02,0.0,crypto,45,45.0
@news_bright_1244,Smart Report,2024,796,12,0,3,0.5,False,2.88,39.34,0.018,news,55,54.4
@crypto_peak_1245,Global DeFi,5960,1836,16,5,2,2.06,True,1.4,30.81,0.023,crypto,67,66.1
@education_peak_1246,Core Learn,3454,1087,18,0,2,4.49,False,2.28,31.5,0.115,education,55,51.2
@music_nova_1247,Vivid Tracks,2366,786,28,0,6,0.74,False,5.75,33.22,0.032,music,60,58.9
@news_nova_1248,Core News,27068,10353,187,0,58,2.29,False,2.84,38.25,0.004,news,65,64.8
@business_urban_1249,Alpha Money,7950,2707,32,6,12,0.2,True,2.0,34.06,0.015,business,67,66.4
@health_smart_1250,Open Fit,483,167,8,0,3,1.8,False,7.94,34.61,0.075,health,62,59.2
@education_open_1251,Urban Academy,149,67,1,0,0,1.21,False,4.54,45.14,0.023,education,57,56.2
@gaming_prime_1252,Neon Arena,357,174,7,2,1,1.77,True,5.84,48.92,0.121,gaming,72,66.8
@entertainment_daily_1253,Global Fun,40617,6058,243,0,68,3.74,False,6.54,14.92,0.129,entertainment,55,50.7
@news_smart_1254,Core News,435,96,2,0,0,2.82,False,4.0,22.25,0.007,news,52,51.8
@business_vivid_1255,Alpha Market,58005,6097,0,0,0,0.33,True,0.02,10.51,0.688,business,27.4,16.1
@entertainment_smart_1256,Urban Vibes,9834,2956,103,0,19,2.56,False,5.29,30.07,0.065,entertainment,67,64.4
@politics_vivid_1257,Core Debate,4559,926,19,0,3,0.2,False,3.28,20.32,0.07,politics,45,43.1
@news_urban_1258,Core Digest,2613,435,18,5,4,2.08,True,6.31,16.66,0.075,news,65,62.1
@news_insider_1259,Peak Digest,1322,320,9,3,1,1.93,True,4.88,24.21,0.052,news,65,63.0
@business_prime_1260,Global Ventures,23419,3664,16,4,5,2.68,True,0.66,15.65,0.074,business,55,52.6
@entertainment_daily_1261,Bright Vibes,849,257,10,3,3,3.07,True,7.45,30.38,0.0,entertainment,67,67.0
@news_neon_1262,Smart Digest,36002,6332,2,0,0,2.43,False,0.06,17.59,0.047,news,36.2,35.2
@tech_daily_1263,Prime Dev,2015,633,19,0,6,0.51,False,5.4,31.42,0.106,tech,60,56.2
@music_peak_1264,Nova Beats,100,41,0,0,0,1.85,True,1.84,41.93,0.121,music,52,48.2
@tech_vivid_1265,Nova AI,1115,369,9,0,2,22.6,False,3.74,33.12,0.001,tech,45,45.0
@news_peak_1266,Quiet News,21974,5455,236,71,69,4.05,True,6.72,24.82,0.078,news,80,76.2
@gaming_peak_1267,Quiet Esports,7128,2025,24,3,7,0.15,True,1.83,28.41,0.029,gaming,47,46.2
@education_prime_1268,Alpha Academy,3512,577,11,0,3,1.43,False,2.96,16.45,0.006,education,50,49.8
@tech_prime_1269,Insider Tech,1627,756,8,1,2,0.87,True,1.61,46.52,0.114,tech,60,55.9
@music_bright_1270,Insider Music,39473,6867,132,30,53,2.72,True,3.38,17.4,0.069,music,75,71.9
@tech_vivid_1271,Vivid Code,840,343,6,0,2,4.18,False,3.46,40.91,0.006,tech,52,51.8
@music_urban_1272,Insider Sound,5072,2024,21,0,4,1.17,False,1.45,39.92,0.041,music,57,55.6
@sports_vivid_1273,Smart Match,382,140,3,1,0,0.64,True,4.56,36.77,0.01,sports,62,61.6
@politics_insider_1274,Alpha Debate,934,373,13,0,2,0.92,False,5.28,39.94,0.0,politics,57,57.0
@politics_core_1275,Open Forum,8453,2871,47,0,15,33.5,False,2.29,33.97,0.026,politics,47,46.3
@entertainment_peak_1276,Bright Laughs,4944,1795,43,14,15,1.76,True,3.67,36.31,0.0,entertainment,80,80.0
@crypto_neon_1277,Vivid Crypto,33990,2576,22,0,4,2.24,False,1.42,7.58,0.525,crypto,43.79,30.0
@tech_insider_1278,Neon Tech,750,109,1,0,0,0.17,True,2.52,14.61,0.583,tech,32,20.8
@business_smart_1279,Quiet Capital,11170,319,2,0,0,3.21,False,1.28,2.86,0.454,business,36.43,26.5
@lifestyle_prime_1280,Prime Travel,4327,1677,20,0,3,2.31,False,1.96,38.76,0.057,lifestyle,55,53.1
@crypto_bright_1281,Quiet Coins,1649,505,2,0,0,2.26,False,0.65,30.67,0.064,crypto,50,48.1
@business_smart_1282,Smart Capital,7254,2874,72,0,11,0.88,False,3.68,39.63,0.088,business,57,54.0
@politics_vivid_1283,Quiet Debate,1733,517,28,3,3,2.45,True,7.3,29.87,0.035,politics,70,68.5
@entertainment_bright_1284,Neon Fun,692,285,0,0,0,2.56,True,0.5,41.25,0.004,entertainment,47,46.9
@business_nova_1285,Insider Capital,6220,1100,15,4,6,2.02,True,2.34,17.69,0.068,business,62,59.5
@crypto_neon_1286,Neon Coins,2765,740,29,0,6,0.2,False,7.2,26.77,0.077,crypto,50,47.7
@health_core_1287,Smart Care,9644,498,1,0,0,0.28,False,0.56,5.17,0.575,health,24.58,16.1
@entertainment_smart_1288,Core Fun,3773,148,1,0,0,0.04,False,1.36,3.92,0.601,entertainment,21.96,14.0
@music_prime_1289,Quiet Tracks,1823,513,20,0,3,1.84,False,5.75,28.19,0.0,music,60,60.0
@gaming_insider_1290,Smart Quest,5378,1858,34,7,6,2.69,True,2.95,34.56,0.004,gaming,77,76.8
@tech_bright_1291,Insider AI,143,47,1,0,0,1.6,True,3.53,33.27,0.05,tech,57,55.3
@education_daily_1292,Urban Course,401,41,1,0,0,2.09,True,5.56,10.41,0.057,education,52,50.2
@crypto_urban_1293,Global Crypto,264,92,3,0,0,1.07,False,6.16,34.92,0.051,crypto,62,60.1
@crypto_quiet_1294,Smart DeFi,14227,2715,27,0,7,3.01,False,1.4,19.09,0.074,crypto,45,43.0
@news_core_1295,Open Digest,2213,1034,1,0,0,0.96,False,0.26,46.76,0.067,news,40.2,38.6
@crypto_vivid_1296,Neon Crypto,198062,42926,1370,0,560,2.58,False,5.66,21.67,0.059,crypto,70,67.5
@gaming_vivid_1297,Peak Arena,1461,427,3,1,1,1.31,True,1.52,29.24,0.174,gaming,60,53.8
@news_bright_1298,Daily Report,2630,902,20,5,5,2.82,True,3.68,34.31,0.021,news,70,69.1
@education_vivid_1299,Daily Lessons,1844,433,0,0,0,1.26,True,0.05,23.5,0.104,education,36.0,33.8
@politics_urban_1300,Bright Politics,6238,2780,59,9,11,0.13,True,3.04,44.57,0.028,politics,62,61.0
@tech_global_1301,Open AI,24372,2707,82,0,19,1.61,False,4.62,11.11,0.067,tech,55,52.8
@entertainment_alpha_1302,Open Vibes,75178,10652,351,90,112,2.87,True,4.68,14.17,0.055,entertainment,77,74.5
@sports_insider_1303,Vivid Sports,1140,260,6,0,1,0.91,False,3.56,22.86,0.002,sports,50,49.9
@lifestyle_urban_1304,Global Home,8763,1651,23,0,5,1.17,False,2.15,18.84,0.135,lifestyle,52,47.8
@politics_bright_1305,Neon Policy,1573,529,11,0,1,0.2,False,3.49,33.67,0.031,politics,50,49.1
@education_prime_1306,Daily Lessons,1338,682,11,3,4,0.22,True,2.55,51.0,0.016,education,65,64.4
@news_global_1307,Global News,12421,3501,20,5,3,0.19,True,0.93,28.19,0.0,news,45,45.0
@news_daily_1308,Neon Report,5456,1180,50,17,20,1.65,True,7.68,21.63,0.008,news,82,81.6
@crypto_core_1309,Smart DeFi,45070,6897,1,0,0,3.1,True,0.05,15.3,0.07,crypto,31.0,29.7
@entertainment_alpha_1310,Vivid Laughs,2120,570,12,0,3,3.24,False,3.15,26.93,0.104,entertainment,50,46.9
@politics_prime_1311,Core Politics,1914,915,23,0,5,0.0,False,3.48,47.83,0.125,politics,45,41.6
@music_insider_1312,Daily Tracks,23869,3634,21,0,3,0.58,False,0.84,15.23,0.005,music,40,39.9
@gacha_daily_1313,Bright GLMV,2123,1060,22,8,7,3.5,True,3.67,49.96,0.071,gacha,70,67.0
@tech_alpha_1314,Open Tech,779,315,3,0,0,0.04,False,1.39,40.44,0.006,tech,37,36.9
@gaming_open_1315,Open Games,233,86,1,0,0,0.45,False,2.22,36.98,0.034,gaming,47,46.0
@entertainment_alpha_1316,Quiet Vibes,21071,6267,132,0,26,0.2,False,2.98,29.75,0.014,entertainment,50,49.6
@news_prime_1317,Global Digest,1194,265,5,2,1,0.58,True,3.29,22.23,0.013,news,60,59.5
@education_bright_1318,Daily Lessons,2002,886,9,0,3,1.65,False,1.75,44.26,0.0,education,55,55.0
@music_alpha_1319,Urban Tracks,16672,8731,155,45,31,0.52,True,2.5,52.37,0.139,music,85,77.9
@education_nova_1320,Bright Learn,8932,1305,20,5,4,1.68,True,2.58,14.62,0.047,education,62,60.3
@entertainment_prime_1321,Vivid Vibes,3453,1329,25,0,6,1.65,False,2.66,38.51,0.1,entertainment,60,56.4
@business_quiet_1322,Smart Ventures,16562,4396,163,35,51,2.66,True,4.99,26.54,0.026,business,80,78.7
@business_core_1323,Nova Ventures,4351,1284,30,7,7,2.33,True,3.7,29.51,0.134,business,70,64.4
@entertainment_global_1324,Daily Fun,32418,1490,31,0,5,0.1,False,2.85,4.6,0.3,entertainment,32.3,26.5
@politics_alpha_1325,Core Debate,61205,2079,29,8,6,2.66,True,1.99,3.4,0.412,politics,58.7,44.2
@music_core_1326,Smart Beats,58845,11635,219,0,69,1.02,False,2.61,19.77,0.036,music,57,55.8
@business_nova_1327,Neon Capital,23074,1093,11,4,4,0.65,True,1.87,4.74,0.584,business,47.37,30.8
@gaming_quiet_1328,Urban Esports,2495,636,7,0,2,1.74,False,1.73,25.53,0.0,gaming,50,50.0
@business_insider_1329,Urban Money,7552,1930,49,0,18,1.11,False,3.84,25.56,0.069,business,57,54.6
@business_neon_1330,Alpha Money,178,78,1,0,0,1.83,True,3.9,43.98,0.09,business,57,53.9
@crypto_urban_1331,Urban Coins,75225,9742,355,69,59,2.54,True,4.97,12.95,0.0,crypto,77,77.0
@news_alpha_1332,Daily Report,25914,7536,223,52,40,2.67,True,4.56,29.08,0.022,news,80,79.0
@sports_insider_1333,Nova Arena,11332,2728,23,7,3,0.34,True,1.23,24.08,0.082,sports,60,57.0
@crypto_peak_1334,Alpha Crypto,229,67,1,0,0,0.23,True,4.47,29.66,0.051,crypto,42,40.7
@lifestyle_smart_1335,Bright Travel,9704,731,6,2,1,3.9,True,1.57,7.54,0.597,lifestyle,45.77,29.4
@gaming_peak_1336,Open Games,280,85,3,0,0,37.9,True,5.07,30.62,0.0,gaming,47,47.0
@music_prime_1337,Smart Music,5804,1120,19,4,5,1.7,True,2.41,19.31,0.021,music,62,61.2
@crypto_alpha_1338,Nova DeFi,10253,516,1,0,0,1.66,False,0.53,5.03,0.3,crypto,37.52,30.8
@tech_prime_1339,Open Tech,991,347,3,0,0,1.44,True,1.36,35.1,0.041,tech,52,50.7
@crypto_smart_1340,Bright Crypto,19663,5877,1,0,0,0.93,True,0.05,29.89,0.046,crypto,36.0,35.0
@news_daily_1341,Alpha News,57656,22744,253,82,44,1.17,True,1.68,39.45,0.021,news,82,81.0
@news_core_1342,Alpha Wire,17288,1397,35,0,6,1.55,False,4.07,8.08,0.034,news,49.04,48.0
@music_daily_1343,Smart Sound,8929,2747,42,8,8,2.3,True,2.13,30.77,0.084,music,77,73.1
@news_alpha_1344,Global News,91853,21468,168,53,33,0.2,True,1.12,23.37,0.02,news,67,66.2
@entertainment_quiet_1345,Peak Memes,1295,466,10,0,2,2.58,False,3.97,36.04,0.01,entertainment,60,59.7
@gacha_vivid_1346,Urban Gacha,6659,2319,84,29,25,20.3,True,5.43,34.84,0.025,gacha,72,70.9
@news_peak_1347,Bright News,498,272,10,3,3,1.25,True,5.52,54.64,0.039,news,77,75.2
@crypto_insider_1348,Global Crypto,1677,337,9,0,2,2.96,False,4.07,20.15,0.034,crypto,55,53.9
@music_prime_1349,Quiet Music,2366,648,19,0,5,1.01,False,4.18,27.39,0.028,music,55,54.1
@gaming_quiet_1350,Urban Games,1333,517,14,0,6,2.55,False,4.82,38.83,0.014,gaming,60,59.5
@anime_neon_1351,Neon Anime,163,42,1,0,0,0.09,True,4.67,26.01,0.036,anime,37,36.2
@politics_neon_1352,Smart Forum,3822,1071,34,12,8,1.86,True,4.66,28.03,0.043,politics,75,73.1
@gaming_urban_1353,Smart Arena,9899,3073,85,31,31,1.65,True,4.37,31.05,0.002,gaming,82,81.9
@lifestyle_neon_1354,Neon Style,5525,1145,0,0,0,2.46,True,0.05,20.73,0.117,lifestyle,38.0,35.3
@news_quiet_1355,Peak Report,2903,786,18,5,6,0.84,True,3.48,27.08,0.037,news,60,58.7
@news_neon_1356,Neon Wire,247,19,0,0,0,0.88,False,1.39,8.04,0.648,news,31.02,19.0
@tech_insider_1357,Quiet Code,1432,405,3,0,0,0.63,False,1.22,28.34,0.075,tech,45,43.0
@lifestyle_quiet_1358,Alpha Living,15707,3236,43,0,15,0.87,False,2.09,20.61,0.032,lifestyle,55,54.0
@news_prime_1359,Vivid Wire,224,71,2,1,0,1.85,True,5.81,32.13,0.035,news,72,70.5
@crypto_prime_1360,Core Chain,11914,4053,89,35,28,1.56,True,3.93,34.02,0.028,crypto,85,83.6
@entertainment_neon_1361,Global Fun,9465,3193,64,0,20,3.34,False,3.11,33.74,0.057,entertainment,57,55.1
@crypto_neon_1362,Bright Crypto,2536,667,17,5,4,1.36,True,4.04,26.33,0.067,crypto,65,62.4
@politics_core_1363,Insider Policy,3884,1222,40,0,14,2.48,False,5.31,31.48,0.0,politics,65,65.0
@crypto_peak_1364,Vivid Crypto,15116,5478,169,0,30,0.79,False,4.81,36.24,0.073,crypto,60,57.4
@entertainment_daily_1365,Neon Memes,4327,1848,37,9,14,22.2,True,3.67,42.72,0.092,entertainment,60,56.7
@tech_open_1366,Alpha AI,2172,886,21,0,4,2.63,False,3.78,40.83,0.034,tech,60,58.8
@politics_alpha_1367,Quiet Policy,2962,414,0,0,0,0.02,False,0.21,14.0,0.318,politics,19.2,15.5
@business_insider_1368,Daily Market,558,217,4,1,0,2.38,True,2.56,38.98,0.051,business,67,65.0
@politics_open_1369,Urban Forum,39773,15073,13,3,2,2.57,True,0.15,37.9,0.001,politics,58.0,58.0
@gaming_core_1370,Daily Arena,1460,552,25,6,8,3.73,True,7.55,37.86,0.0,gaming,75,75.0
@crypto_daily_1371,Core Chain,2348,231,6,2,1,0.82,True,3.93,9.86,0.488,crypto,49.93,35.3
@politics_quiet_1372,Insider Politics,39290,1448,21,0,7,1.0,False,2.21,3.69,0.618,politics,46.84,29.5
@business_daily_1373,Insider Market,5436,1018,32,6,11,2.28,True,4.58,18.74,0.059,business,67,64.6
@gaming_neon_1374,Peak Games,100,34,0,0,0,1.88,True,3.67,34.09,0.083,gaming,57,54.2
@news_vivid_1375,Vivid Report,2816,1093,14,4,4,2.26,True,2.16,38.83,0.04,news,70,68.3
@gaming_nova_1376,Nova Arena,4834,632,23,0,4,0.04,False,5.52,13.08,0.0,gaming,40,40.0
@crypto_prime_1377,Daily Crypto,10474,2444,12,0,1,1.02,False,0.68,23.34,0.043,crypto,50,48.7
@entertainment_nova_1378,Prime Laughs,5109,593,0,0,0,0.94,True,0.02,11.62,0.714,entertainment,27.4,15.7
@tech_smart_1379,Bright Code,5054,1212,37,0,10,3.03,False,4.51,24.0,0.095,tech,52,49.0
@tech_smart_1380,Neon Code,20621,5647,74,13,21,1.36,True,2.1,27.39,0.0,tech,80,80.0
@sports_urban_1381,Alpha Match,170,30,1,0,0,2.78,True,6.09,18.14,0.0,sports,52,52.0
@education_core_1382,Bright Course,734,77,1,0,0,4.07,False,2.41,10.58,0.609,education,42,26.7
@health_global_1383,Vivid Fit,936,357,18,6,6,0.0,True,7.6,38.2,0.024,health,62,61.1
@crypto_smart_1384,Neon Coins,1135,456,13,0,3,30.0,False,4.16,40.24,0.02,crypto,45,44.4
@education_vivid_1385,Prime Academy,4381,1534,26,9,4,1.5,True,2.6,35.02,0.056,education,75,72.5
@politics_open_1386,Insider Politics,526,180,0,0,0,1.81,False,0.79,34.32,0.028,politics,47,46.2
@business_neon_1387,Nova Money,21007,6467,109,17,26,1.28,True,2.35,30.79,0.0,business,85,85.0
@education_global_1388,Bright Academy,2858,620,22,0,5,2.34,False,6.12,21.72,0.086,education,60,56.9
@gaming_nova_1389,Urban Games,100,29,0,0,0,1.57,False,3.45,29.54,0.014,gaming,52,51.6
@tech_smart_1390,Open Code,6196,1822,45,10,9,0.39,True,3.89,29.41,0.0,tech,62,62.0
@crypto_neon_1391,Open Chain,12994,4054,80,17,20,1.55,True,3.17,31.2,0.019,crypto,85,84.0
@business_nova_1392,Prime Capital,803,133,3,0,1,1.23,False,4.96,16.66,0.073,business,47,44.9
@education_prime_1393,Prime Learn,48419,14572,627,0,204,0.16,False,6.73,30.1,0.117,education,55,51.1
@music_vivid_1394,Vivid Music,730,305,10,1,3,3.35,True,4.86,41.81,0.081,music,62,59.0
@business_open_1395,Insider Capital,830,206,6,1,1,1.91,True,5.15,24.84,0.05,business,67,65.0
@news_prime_1396,Bright Digest,21740,5386,110,0,44,3.61,False,3.42,24.78,0.089,news,55,52.1
@entertainment_peak_1397,Open Laughs,23007,6496,233,87,77,1.47,True,5.45,28.24,0.037,entertainment,85,83.1
@tech_global_1398,Nova Code,243,81,3,0,0,2.23,False,8.11,33.73,0.046,tech,62,60.3
@entertainment_peak_1399,Daily Vibes,718,190,4,0,1,1.99,False,4.19,26.53,0.07,entertainment,52,49.8
@news_smart_1400,Daily News,1231,451,6,0,2,2.31,False,2.51,36.69,0.082,news,60,57.0
@gaming_urban_1401,Daily Arena,48585,7367,104,36,38,1.62,True,2.28,15.16,0.033,gaming,75,73.5
@news_quiet_1402,Alpha News,12368,2775,46,0,10,2.48,False,2.66,22.44,0.023,news,60,59.2
@sports_smart_1403,Insider Match,7649,1536,47,0,11,0.51,False,4.96,20.08,0.031,sports,52,51.0
@politics_smart_1404,Prime Forum,10076,2937,66,23,15,1.66,True,3.53,29.15,0.012,politics,80,79.4
@music_peak_1405,Prime Music,86919,20150,712,0,274,0.18,False,5.55,23.18,0.0,music,52,52.0
@gaming_alpha_1406,Alpha Arena,4406,703,0,0,0,1.9,False,0.14,15.97,0.061,gaming,32.8,31.6
@tech_open_1407,Smart Tech,1606,491,8,0,3,1.54,False,3.12,30.63,0.136,tech,60,55.1
@crypto_prime_1408,Smart Chain,208,40,0,0,0,4.69,False,2.47,19.28,0.105,crypto,42,39.3
@business_daily_1409,Global Market,48928,2701,8,2,2,0.42,True,0.55,5.52,0.761,business,37.76,20.5
@business_core_1410,Peak Money,1528,161,4,0,0,0.15,False,4.13,10.6,0.12,business,35,32.5
@crypto_bright_1411,Open Coins,3713,758,25,0,9,0.08,False,5.03,20.42,0.036,crypto,45,44.0
@music_smart_1412,Global Sound,2683,704,21,6,7,0.2,True,5.44,26.26,0.0,music,65,65.0
@crypto_open_1413,Alpha Crypto,18163,7173,229,39,60,2.16,True,4.44,39.49,0.072,crypto,85,81.3
@education_insider_1414,Nova Course,188801,52225,931,346,351,2.65,True,2.86,27.66,0.071,education,85,81.4
@business_urban_1415,Bright Market,104467,20501,200,70,54,1.72,True,1.65,19.62,0.0,business,75,75.0
@news_vivid_1416,Alpha News,2402,732,30,0,6,2.64,False,6.25,30.49,0.039,news,65,63.5
@gaming_alpha_1417,Vivid Quest,12870,5039,71,27,30,22.8,True,2.46,39.15,0.042,gaming,70,68.2
@business_bright_1418,Nova Market,750,126,3,0,0,1.51,False,3.91,16.82,0.035,business,47,46.0
@business_urban_1419,Urban Money,490,201,8,0,1,2.81,False,6.26,41.21,0.0,business,62,62.0
@health_alpha_1420,Prime Wellness,6238,2309,48,0,16,1.08,False,2.96,37.03,0.11,health,62,57.9
@entertainment_peak_1421,Open Fun,5871,2368,0,0,0,3.8,False,0.05,40.35,0.016,entertainment,38.0,37.6
@movies_peak_1422,Open Cinema,5107,1003,13,0,2,0.29,False,1.9,19.65,0.13,movies,37,34.1
@tech_quiet_1423,Core AI,2753,1037,20,0,7,2.68,False,3.52,37.67,0.105,tech,60,56.2
@tech_nova_1424,Core AI,563,171,6,0,2,3.68,False,6.78,30.52,0.044,tech,57,55.5
@entertainment_alpha_1425,Bright Laughs,4298,1292,30,0,11,3.76,False,3.87,30.06,0.08,entertainment,55,52.4
@health_open_1426,Alpha Fit,566,229,4,0,1,1.86,False,3.64,40.61,0.0,health,57,57.0
@news_insider_1427,Core Digest,23665,7473,165,32,47,2.65,True,3.86,31.58,0.073,news,85,81.3
@entertainment_urban_1428,Peak Fun,2247,856,14,4,3,2.47,True,3.01,38.13,0.058,entertainment,70,67.6
@news_smart_1429,Daily Wire,633,70,1,0,0,0.17,False,3.1,11.11,0.503,news,32,22.3
@news_alpha_1430,Bright Wire,3613,791,27,0,9,0.2,False,4.97,21.91,0.061,news,45,43.3
@crypto_vivid_1431,Prime DeFi,4264,1031,12,4,4,1.19,True,2.14,24.19,0.07,crypto,65,62.3
@news_nova_1432,Core Wire,4194,757,8,0,3,2.98,False,1.86,18.06,0.036,news,45,44.0
@news_urban_1433,Alpha News,24940,8860,344,0,84,5.15,False,5.4,35.53,0.053,news,60,58.1
@entertainment_open_1434,Quiet Fun,3386,1052,21,0,5,2.16,False,3.29,31.09,0.136,entertainment,60,55.1
@crypto_vivid_1435,Insider Chain,478,151,1,0,0,0.2,False,1.34,31.59,0.017,crypto,42,41.6
@crypto_peak_1436,Open Chain,4033,1109,21,4,9,0.86,True,3.47,27.5,0.036,crypto,60,58.7
@business_bright_1437,Smart Ventures,3596,394,4,1,1,0.86,True,1.95,10.98,0.597,business,50,32.1
@music_neon_1438,Bright Sound,4198,1627,44,0,14,3.34,False,4.15,38.78,0.071,music,55,52.7
@crypto_core_1439,Vivid DeFi,3008,642,3,0,0,0.44,False,0.72,21.36,0.045,crypto,35,34.0
@tech_alpha_1440,Peak AI,100,49,1,0,0,1.05,True,5.01,49.73,0.067,tech,62,59.5
@anime_core_1441,Global Otaku,3341,1079,12,3,2,1.67,True,1.9,32.32,0.018,anime,65,64.3
@movies_peak_1442,Urban Cinema,100,40,0,0,0,0.2,False,3.25,40.23,0.056,movies,47,45.4
@news_nova_1443,Nova Digest,5795,1778,41,0,14,1.33,False,3.29,30.68,0.042,news,62,60.4
@health_core_1444,Peak Health,116153,21294,301,0,96,2.88,False,2.13,18.33,0.0,health,60,60.0
@health_urban_1445,Smart Health,21098,5250,103,0,24,13.0,False,2.64,24.89,0.037,health,45,44.0
@education_global_1446,Neon Academy,2727,399,4,1,1,1.32,True,2.04,14.64,0.538,education,60,40.6
@tech_daily_1447,Insider Code,6396,2385,56,0,13,0.08,False,3.41,37.29,0.082,tech,47,44.7
@tech_urban_1448,Core AI,7577,2310,40,0,10,0.11,False,3.09,30.49,0.105,tech,47,44.0
@business_nova_1449,Vivid Money,6092,2119,72,0,23,0.61,False,5.26,34.79,0.024,business,62,61.1
@tech_open_1450,Core Dev,3623,1146,9,1,3,1.97,True,1.25,31.63,0.072,tech,65,62.2
@business_insider_1451,Urban Ventures,141,55,2,0,0,0.65,True,8.19,39.4,0.0,business,57,57.0
@sports_prime_1452,Smart Sports,3014,644,18,5,5,39.1,True,4.34,21.37,0.111,sports,50,46.7
@music_alpha_1453,Nova Beats,52587,14166,84,17,33,1.91,True,1.03,26.94,0.041,music,77,75.1
@gaming_insider_1454,Nova Arena,18384,7692,10,0,2,2.05,False,0.21,41.84,0.058,gaming,49.2,47.5
@sports_daily_1455,Prime Arena,827,404,14,0,3,0.2,False,6.1,48.93,0.049,sports,52,50.5
@lifestyle_smart_1456,Peak Travel,7841,1386,20,3,2,0.85,True,2.15,17.69,0.119,lifestyle,57,52.9
@news_urban_1457,Nova Wire,6826,1750,52,0,14,2.52,False,5.12,25.64,0.044,news,62,60.3
@sports_alpha_1458,Quiet Match,10761,4470,82,17,16,4.33,True,2.65,41.55,0.063,sports,80,77.0
@news_core_1459,Alpha Report,317,80,1,0,0,0.2,True,3.86,25.28,0.049,news,42,40.8
@education_core_1460,Quiet Learn,17576,5419,147,0,41,3.03,False,3.93,30.83,0.138,education,60,55.0
@lifestyle_nova_1461,Global Home,4915,930,27,0,8,1.29,False,4.13,18.94,0.057,lifestyle,50,48.3
@lifestyle_vivid_1462,Quiet Living,1909,828,27,5,9,22.6,True,6.03,43.41,0.051,lifestyle,60,58.2
@education_core_1463,Alpha Academy,15213,4802,88,0,23,0.2,False,2.71,31.57,0.117,education,55,51.1
@business_smart_1464,Open Money,6976,1746,0,0,0,0.2,False,0.05,25.03,0.046,business,28.0,27.2
@entertainment_alpha_1465,Peak Laughs,38522,7039,48,0,17,1.27,False,1.1,18.27,0.103,entertainment,50,46.9
@entertainment_quiet_1466,Core Vibes,2316,1280,48,0,9,34.2,False,5.28,55.3,0.011,entertainment,55,54.6
@tech_insider_1467,Open Code,223,44,0,0,0,2.29,False,2.22,20.06,0.073,tech,52,49.7
@business_prime_1468,Smart Ventures,2913,1128,10,0,2,1.81,False,1.31,38.74,0.039,business,55,53.7
@business_core_1469,Insider Market,24620,12896,362,62,105,2.15,True,3.9,52.38,0.014,business,90,89.2
@crypto_global_1470,Neon DeFi,10006,3077,34,8,12,1.74,True,1.78,30.76,0.049,crypto,75,72.8
@music_core_1471,Alpha Tracks,250,72,2,0,0,4.01,False,4.47,28.87,0.021,music,47,46.4
@lifestyle_quiet_1472,Urban Style,2392,1075,14,0,3,2.49,False,1.98,44.96,0.055,lifestyle,55,53.2
@news_alpha_1473,Core News,16074,6967,64,18,19,0.54,True,1.62,43.35,0.026,news,75,73.8
@tech_nova_1474,Prime Tech,136876,16104,369,159,136,34.4,True,3.99,11.77,0.083,tech,65,61.8
@gacha_alpha_1475,Core GLMV,1500,79,0,0,0,3.09,False,1.84,5.32,0.461,gacha,32.66,23.6
@entertainment_insider_1476,Daily Memes,17941,4930,64,14,16,0.2,True,2.33,27.48,0.078,entertainment,70,66.7
@business_alpha_1477,Neon Market,3039,965,56,17,13,1.48,True,8.17,31.76,0.066,business,85,81.6
@crypto_insider_1478,Quiet DeFi,23991,8410,66,0,18,2.78,False,1.24,35.06,0.0,crypto,60,60.0
@news_open_1479,Global Report,1118,456,9,1,3,1.62,True,3.15,40.8,0.028,news,70,68.8
@news_urban_1480,Daily Report,7383,2207,33,0,8,1.62,False,2.04,29.9,0.059,news,57,55.0
@education_neon_1481,Alpha Lessons,1951,602,4,1,1,0.2,True,1.25,30.86,0.083,education,55,52.3
@sports_peak_1482,Urban Match,3932,957,47,13,16,0.38,True,7.09,24.35,0.005,sports,70,69.8
@lifestyle_alpha_1483,Daily Home,32571,7776,2,0,0,0.02,False,0.05,23.87,0.0,lifestyle,26.0,26.0
@tech_vivid_1484,Neon AI,258,69,1,0,0,2.35,True,2.99,26.98,0.089,tech,52,49.2
@crypto_global_1485,Vivid Coins,586,189,5,0,1,1.44,False,4.36,32.29,0.113,crypto,57,53.1
@business_prime_1486,Smart Money,8544,3259,26,0,5,2.32,False,1.37,38.15,0.022,business,57,56.3
@lifestyle_bright_1487,Open Style,132,55,2,0,0,0.16,True,6.76,42.14,0.02,lifestyle,47,46.4
@business_neon_1488,Alpha Capital,510,184,2,0,0,0.92,False,2.18,36.08,0.081,business,52,49.5
@news_core_1489,Global Digest,7868,1935,43,0,6,0.15,False,2.99,24.61,0.173,news,42,37.6
@gaming_quiet_1490,Nova Quest,9424,2564,80,0,19,4.08,False,5.6,27.22,0.018,gaming,57,56.4
@business_bright_1491,Urban Money,3789,985,34,0,5,0.2,False,5.14,26.01,0.029,business,50,49.1
@politics_alpha_1492,Nova Politics,122811,8704,34,8,10,2.08,True,0.66,7.09,0.08,politics,58.54,55.7
@anime_global_1493,Urban Anime,391,52,0,0,0,2.37,False,1.03,13.47,0.737,anime,42,23.4
@news_prime_1494,Peak Digest,100,24,0,0,0,2.69,False,4.64,24.36,0.0,news,52,52.0
@gaming_alpha_1495,Neon Arena,12067,1431,47,0,15,0.03,False,5.84,11.86,0.044,gaming,45,43.8
@tech_urban_1496,Neon Tech,1456,271,4,0,1,2.47,False,2.44,18.63,0.054,tech,50,48.4
@business_global_1497,Vivid Market,25181,1916,8,0,2,0.09,False,0.71,7.61,0.614,business,23.81,15.0
@entertainment_open_1498,Neon Fun,5318,1514,32,4,5,2.59,True,2.91,28.48,0.072,entertainment,67,64.1
@anime_nova_1499,Prime Anime,15695,5307,79,30,34,2.89,True,2.65,33.81,0.044,anime,85,82.7
@crypto_global_1500,Bright DeFi,3468,1218,51,15,7,2.24,True,5.89,35.14,0.047,crypto,85,82.6
@crypto_insider_1501,Nova Chain,1844,674,13,3,2,1.33,True,2.88,36.58,0.051,crypto,70,67.9
@education_urban_1502,Vivid Learn,24353,8566,338,0,59,2.29,False,5.51,35.18,0.0,education,70,70.0
@politics_open_1503,Urban Forum,1509,611,3,0,1,1.4,False,0.87,40.5,0.085,politics,50,47.4
@news_open_1504,Quiet Report,71689,23308,765,0,156,2.33,False,5.97,32.51,0.017,news,72,71.3
@business_peak_1505,Global Market,5781,727,6,0,2,1.71,False,1.41,12.59,0.434,business,47,34.8
@health_insider_1506,Bright Health,243,48,1,0,0,2.35,False,4.96,19.88,0.091,health,47,44.4
@tech_bright_1507,Smart Code,18037,3910,40,0,15,35.1,False,1.86,21.68,0.085,tech,40,38.0
@entertainment_daily_1508,Alpha Memes,70705,25040,367,87,108,3.2,True,2.12,35.42,0.0,entertainment,82,82.0
@education_vivid_1509,Neon Academy,199,89,1,0,0,1.33,True,2.38,44.9,0.128,education,57,52.6
@news_core_1510,Bright News,189,56,1,0,0,0.68,True,2.98,29.7,0.024,news,47,46.3
@news_neon_1511,Prime Wire,18388,4329,58,0,11,11.1,False,1.98,23.55,0.064,news,40,38.5
@crypto_vivid_1512,Global DeFi,2477,625,7,0,2,37.3,False,1.81,25.27,0.051,crypto,35,33.9
@gaming_prime_1513,Urban Quest,1305,542,9,0,2,37.0,False,2.89,41.6,0.027,gaming,45,44.3
@gaming_global_1514,Smart Arena,1722,421,15,3,4,1.62,True,5.61,24.48,0.0,gaming,70,70.0
@tech_prime_1515,Smart Tech,22223,6194,26,0,6,0.18,False,0.69,27.87,0.101,tech,35,32.9
@lifestyle_vivid_1516,Daily Living,5261,1557,23,0,7,1.45,False,2.5,29.61,0.007,lifestyle,57,56.8
@politics_global_1517,Global Politics,997,305,9,0,2,1.27,False,4.41,30.6,0.012,politics,57,56.6
@education_vivid_1518,Insider Lessons,1392,475,12,0,1,28.4,False,3.78,34.18,0.025,education,45,44.3
@news_global_1519,Global News,1050,410,12,4,3,23.2,True,5.59,39.08,0.079,news,60,57.2
@education_open_1520,Insider Learn,2699,1075,20,7,6,2.83,True,3.18,39.85,0.086,education,75,71.1
@gaming_core_1521,Daily Esports,1342,684,10,1,2,24.3,True,2.68,51.04,0.087,gaming,60,56.9
@crypto_peak_1522,Alpha Crypto,3498,756,15,0,4,2.84,False,3.17,21.64,0.069,crypto,55,52.7
@education_global_1523,Urban Learn,43093,10086,188,59,72,0.2,True,3.02,23.41,0.07,education,70,67.1
@music_daily_1524,Quiet Sound,9117,3090,58,0,26,0.13,False,3.41,33.9,0.141,music,47,43.0
@crypto_neon_1525,Prime DeFi,232228,58157,1251,0,380,2.0,False,3.03,25.04,0.031,crypto,65,63.8
@education_global_1526,Daily Academy,7497,2985,32,6,8,0.54,True,1.72,39.82,0.025,education,67,66.0
@tech_urban_1527,Alpha Dev,3698,1271,26,0,5,0.2,False,2.81,34.38,0.033,tech,50,49.0
@music_vivid_1528,Daily Sound,10117,4433,176,0,41,1.98,False,5.86,43.83,0.093,music,70,66.1
@politics_vivid_1529,Open Policy,9017,2386,22,8,8,0.2,True,1.58,26.47,0.038,politics,57,55.7
@news_vivid_1530,Alpha News,1651,458,4,1,1,2.25,True,1.28,27.8,0.056,news,60,58.0
@business_daily_1531,Vivid Capital,291,120,3,0,0,2.36,False,4.5,41.28,0.013,business,57,56.6
@news_core_1532,Alpha Digest,286633,73201,1748,417,413,2.15,True,4.34,25.54,0.0,news,85,85.0
@education_core_1533,Alpha Academy,16514,5773,6,0,1,3.23,False,0.21,34.96,0.004,education,44.2,44.1
@tech_daily_1534,Prime Code,8827,2409,17,0,3,0.17,False,1.08,27.3,0.01,tech,37,36.8
@business_neon_1535,Urban Market,2867,1039,14,5,3,1.67,True,2.33,36.24,0.12,business,70,64.9
@crypto_core_1536,Prime Crypto,13429,4410,145,42,24,1.74,True,4.9,32.84,0.064,crypto,85,81.8
@sports_neon_1537,Alpha Arena,1659,659,22,7,6,2.01,True,5.38,39.76,0.066,sports,80,76.8
@news_core_1538,Daily Wire,502,214,5,1,1,0.61,True,3.89,42.79,0.054,news,62,60.0
@news_global_1539,Quiet Wire,9261,423,2,0,1,1.32,False,1.19,4.57,0.511,news,39.29,27.2
@news_neon_1540,Peak News,800,345,2,0,0,0.1,False,1.42,43.22,0.072,news,37,35.4
@news_open_1541,Urban Report,957,296,11,2,2,0.76,True,5.9,30.96,0.086,news,67,63.5
@health_open_1542,Neon Fit,49779,14855,112,0,36,0.04,False,1.1,29.84,0.045,health,40,38.9
@gaming_peak_1543,Global Esports,741,221,4,1,0,1.94,True,3.26,29.86,0.041,gaming,62,60.5
@tech_vivid_1544,Core AI,399,121,1,0,0,0.98,False,2.27,30.53,0.026,tech,52,51.2
@crypto_global_1545,Core Chain,2705,670,20,6,3,4.18,True,5.07,24.79,0.088,crypto,70,66.3
@news_alpha_1546,Open Report,9701,2137,64,0,15,1.7,False,5.15,22.03,0.04,news,62,60.5
@politics_neon_1547,Alpha Policy,47413,16259,481,76,96,2.6,True,4.7,34.29,0.026,politics,85,83.7
@business_open_1548,Bright Ventures,560,159,6,0,1,2.01,False,5.77,28.48,0.123,business,57,52.8
@business_nova_1549,Bright Capital,5755,826,14,0,5,1.12,False,2.77,14.36,0.049,business,52,50.5
@education_prime_1550,Peak Lessons,15893,4534,78,13,17,3.18,True,2.77,28.53,0.0,education,75,75.0
@entertainment_urban_1551,Alpha Vibes,1953,638,8,2,2,3.05,True,2.33,32.68,0.06,entertainment,65,62.7
@tech_neon_1552,Bright Dev,4824,1228,44,12,13,0.27,True,5.05,25.47,0.046,tech,70,68.1
@entertainment_alpha_1553,Vivid Fun,442,166,4,0,1,13.0,False,4.68,37.66,0.032,entertainment,42,41.2
@tech_smart_1554,Prime Code,41694,7472,234,59,35,1.94,True,4.22,17.92,0.05,tech,75,72.8
@education_neon_1555,Alpha Course,1426,425,7,0,1,1.23,False,2.82,29.84,0.0,education,55,55.0
@politics_peak_1556,Peak Policy,1113,342,7,1,1,2.34,True,3.2,30.76,0.002,politics,70,69.9
@news_neon_1557,Peak Digest,40365,8922,193,0,33,0.05,False,3.24,22.1,0.032,news,45,44.1
@music_smart_1558,Open Tracks,15330,6179,28,0,8,1.18,False,0.62,40.31,0.051,music,55,53.3
@tech_global_1559,Alpha Code,653,181,2,0,0,0.2,True,2.45,27.85,0.073,tech,42,40.2
@entertainment_peak_1560,Vivid Memes,2478,690,4,0,1,1.89,False,0.98,27.87,0.055,entertainment,45,43.5
@news_neon_1561,Nova Report,1039,64,0,0,0,3.4,False,0.54,6.21,0.488,news,28.11,19.9
@gaming_nova_1562,Alpha Games,2571,1022,13,0,4,1.72,False,1.86,39.76,0.0,gaming,55,55.0
@education_global_1563,Open Academy,9349,3316,68,0,14,3.25,False,2.79,35.48,0.041,education,57,55.6
@education_neon_1564,Smart Course,4264,821,20,3,4,0.16,True,4.3,19.27,0.003,education,45,44.9
@gaming_smart_1565,Quiet Arena,1277,371,9,0,2,2.72,False,4.04,29.08,0.038,gaming,55,53.7
@music_insider_1566,Neon Music,20165,40,0,0,0,1.58,True,0.78,0.2,0.721,music,35.1,19.9
@crypto_insider_1567,Core DeFi,880,321,8,2,2,1.93,True,3.94,36.48,0.084,crypto,67,63.6
@politics_quiet_1568,Prime Policy,4335,1491,0,0,0,1.61,False,0.05,34.41,0.042,politics,41.0,40.0
@business_daily_1569,Open Ventures,823,292,1,0,0,0.88,False,0.74,35.56,0.041,business,42,41.0
@movies_open_1570,Urban Films,303,55,1,0,0,3.14,False,6.11,18.31,0.083,movies,47,44.7
@music_daily_1571,Core Sound,3059,917,17,0,4,1.72,False,3.05,30.0,0.03,music,55,54.0
@news_nova_1572,Open Report,7367,1902,78,24,13,2.46,True,6.01,25.83,0.026,news,82,80.7
@news_quiet_1573,Vivid Wire,14953,2393,40,8,9,1.67,True,2.27,16.01,0.042,news,70,68.2
@sports_nova_1574,Prime Match,1364,204,3,0,1,1.35,False,3.02,14.97,0.496,sports,50,35.1
@gaming_vivid_1575,Alpha Esports,7007,2768,40,0,8,1.9,False,2.32,39.51,0.0,gaming,62,62.0
@gaming_alpha_1576,Bright Arena,2706,731,19,0,3,2.21,False,4.35,27.02,0.0,gaming,55,55.0
@entertainment_neon_1577,Alpha Fun,1105,251,9,0,1,2.22,False,5.09,22.78,0.054,entertainment,60,58.1
@entertainment_global_1578,Peak Laughs,7689,2037,70,24,21,2.32,True,5.1,26.5,0.071,entertainment,82,78.5
@gaming_global_1579,Insider Games,3439,1465,51,12,17,1.66,True,5.47,42.62,0.009,gaming,85,84.5
@news_core_1580,Open News,2715,1062,23,0,4,0.14,False,3.91,39.12,0.06,news,45,43.4
@news_smart_1581,Nova Report,19603,4015,139,0,46,2.68,False,4.68,20.49,0.065,news,60,57.7
@entertainment_quiet_1582,Neon Memes,3616,1132,9,0,1,0.02,False,1.14,31.32,0.044,entertainment,40,38.9
@lifestyle_insider_1583,Peak Style,257,64,2,0,0,2.06,True,4.96,25.01,0.069,lifestyle,52,49.8
@business_bright_1584,Peak Ventures,746,317,5,0,1,1.32,False,3.1,42.56,0.032,business,57,55.9
@health_daily_1585,Daily Health,20406,4543,14,3,6,0.57,True,0.57,22.26,0.078,health,55,52.4
@health_vivid_1586,Quiet Wellness,4851,606,16,0,5,0.93,False,3.71,12.5,0.056,health,45,43.5
@gaming_core_1587,Bright Games,3058,875,27,0,8,4.29,False,4.27,28.64,0.045,gaming,50,48.7
@gaming_quiet_1588,Nova Esports,51328,12655,4,0,0,0.16,False,0.05,24.66,0.009,gaming,28.0,27.9
@crypto_urban_1589,Nova Chain,39532,15804,266,81,85,1.25,True,2.55,39.98,0.0,crypto,85,85.0
@entertainment_quiet_1590,Core Fun,3959,1543,25,10,4,1.05,True,2.73,38.99,0.0,entertainment,75,75.0
@news_prime_1591,Alpha Digest,1721,372,7,0,1,0.52,False,2.94,21.63,0.0,news,50,50.0
@anime_urban_1592,Daily Anime,4674,751,8,0,1,1.84,False,1.65,16.09,0.004,anime,45,44.9
@music_vivid_1593,Global Sound,764,178,7,0,2,3.73,False,6.61,23.32,0.0,music,52,52.0
@education_bright_1594,Quiet Academy,1331,420,15,3,5,0.2,True,6.11,31.59,0.07,education,65,62.3
@gaming_core_1595,Global Arena,356506,29674,286,88,75,28.4,True,1.68,8.32,0.032,gaming,54.16,53.1
@lifestyle_core_1596,Daily Living,28504,7891,63,17,16,1.02,True,1.1,27.69,0.017,lifestyle,75,74.2
@gaming_nova_1597,Global Games,14769,3100,77,0,27,2.53,False,4.13,20.99,0.066,gaming,60,57.6
@gaming_daily_1598,Core Arena,4260,674,13,2,5,3.62,True,3.22,15.83,0.016,gaming,55,54.5
@entertainment_insider_1599,Urban Vibes,520,175,1,0,0,2.2,False,1.59,33.84,0.083,entertainment,52,49.4
@music_neon_1600,Neon Music,3165,1271,11,3,2,2.33,True,1.54,40.18,0.046,music,65,63.2
@business_bright_1601,Bright Capital,216962,71630,759,0,233,1.95,False,1.51,33.02,0.027,business,65,63.9
@anime_vivid_1602,Nova Otaku,856,283,0,0,0,0.2,True,0.06,33.07,0.0,anime,28.2,28.2
@tech_nova_1603,Neon Tech,741,221,8,1,2,2.92,True,5.44,29.86,0.089,tech,67,63.4
@entertainment_urban_1604,Insider Vibes,1189,367,17,4,5,0.43,True,7.89,30.91,0.108,entertainment,65,60.8
@music_alpha_1605,Urban Beats,4421,1494,66,16,23,2.0,True,6.48,33.8,0.041,music,85,82.9
@lifestyle_core_1606,Open Travel,6904,1809,33,0,9,0.2,False,2.69,26.2,0.079,lifestyle,47,44.8
@entertainment_daily_1607,Open Fun,28721,7065,102,0,22,1.46,False,2.42,24.6,0.02,entertainment,60,59.3
@crypto_bright_1608,Smart DeFi,6845,2876,112,0,35,3.15,False,5.53,42.03,0.015,crypto,62,61.4
@crypto_smart_1609,Peak Chain,434,122,0,0,0,2.45,True,0.06,28.25,0.046,crypto,33.2,32.3
@tech_vivid_1610,Urban Code,1862,488,13,3,2,0.06,True,4.77,26.25,0.108,tech,50,46.8
@politics_vivid_1611,Prime Politics,2445,501,14,2,4,0.9,True,4.05,20.51,0.044,politics,60,58.4
@news_core_1612,Vivid News,307,121,2,0,0,15.5,True,2.76,39.58,0.105,news,42,39.4
@gaming_quiet_1613,Urban Esports,1385,523,4,0,1,1.79,True,1.47,37.82,0.069,gaming,55,52.7
@entertainment_open_1614,Global Vibes,5742,1710,48,10,16,1.32,True,4.84,29.78,0.078,entertainment,72,68.6
@news_global_1615,Global Report,100,31,0,0,0,0.73,False,2.7,31.6,0.049,news,52,50.5
@politics_core_1616,Open Forum,11030,2058,29,6,10,2.62,True,2.6,18.66,0.056,politics,70,67.6
@news_insider_1617,Quiet Digest,1112,316,15,2,4,0.92,True,6.77,28.42,0.019,news,65,64.2
@health_global_1618,Core Fit,18879,5928,102,0,28,1.72,False,2.77,31.4,0.123,health,65,60.2
@movies_nova_1619,Neon Cinema,1634,460,8,0,2,0.51,False,3.36,28.17,0.064,movies,50,48.1
@business_alpha_1620,Bright Market,1177,574,22,5,8,2.23,True,5.99,48.84,0.139,business,75,68.8
@tech_peak_1621,Bright Tech,51035,14627,206,39,42,1.41,True,2.1,28.66,0.081,tech,82,78.0
@lifestyle_insider_1622,Core Travel,4879,293,2,0,0,1.88,True,1.34,6.01,0.645,lifestyle,38.0,23.3
@crypto_daily_1623,Bright Coins,5919,1328,31,0,9,1.62,False,3.23,22.44,0.012,crypto,57,56.6
@crypto_prime_1624,Global Coins,12829,2133,30,0,6,0.2,False,2.31,16.63,0.086,crypto,45,42.7
@education_daily_1625,Neon Learn,18462,1246,6,0,1,2.75,False,0.85,6.75,0.491,education,38.37,27.1
@news_neon_1626,Prime Digest,20239,3387,78,14,18,1.63,True,3.45,16.74,0.013,news,75,74.4
@news_insider_1627,Bright News,6248,1154,22,0,6,1.89,False,2.93,18.48,0.086,news,52,49.3
@news_neon_1628,Bright Wire,36151,5609,103,37,16,2.66,True,2.76,15.52,0.034,news,75,73.5
@gaming_prime_1629,Bright Quest,1780,173,2,0,0,3.63,True,1.82,9.75,0.478,gaming,34.87,24.9
@news_vivid_1630,Daily Wire,14117,2318,33,10,8,34.6,True,2.14,16.42,0.086,news,55,52.2
@crypto_open_1631,Vivid Crypto,927,354,13,3,2,1.47,True,5.95,38.2,0.061,crypto,72,69.4
@music_neon_1632,Quiet Music,19831,6656,30,0,7,1.54,False,0.63,33.57,0.031,music,55,54.0
@news_core_1633,Peak Digest,6711,570,8,0,2,1.19,False,2.22,8.5,0.675,news,46.25,27.5
@news_vivid_1634,Alpha News,59481,15763,763,0,300,1.01,False,7.66,26.5,0.007,news,67,66.7
@news_vivid_1635,Daily Wire,265,94,0,0,0,1.54,True,1.39,35.68,0.036,news,52,50.9
@entertainment_nova_1636,Vivid Fun,1402,438,8,0,3,2.62,False,3.2,31.25,0.107,entertainment,60,56.1
@crypto_insider_1637,Alpha Chain,30978,2072,13,0,2,1.25,False,1.08,6.69,0.798,crypto,43.35,22.6
@politics_quiet_1638,Urban Politics,5573,1805,28,0,7,1.06,False,2.9,32.4,0.022,politics,62,61.2
@tech_core_1639,Insider Tech,4785,1428,31,6,13,0.1,True,3.93,29.85,0.002,tech,55,54.9
@entertainment_alpha_1640,Vivid Laughs,3206,1050,6,0,2,1.91,False,1.08,32.78,0.081,entertainment,55,52.3
@tech_vivid_1641,Urban Dev,16205,4945,73,0,12,2.59,False,2.5,30.52,0.021,tech,65,64.2
@lifestyle_prime_1642,Daily Travel,8063,2781,58,0,13,2.7,False,3.37,34.49,0.078,lifestyle,62,59.1
@sports_alpha_1643,Insider Arena,5238,1790,49,0,12,1.45,False,4.6,34.19,0.063,sports,62,59.6
@music_prime_1644,Neon Sound,22386,5744,112,20,27,1.01,True,3.17,25.66,0.076,music,80,76.4
@health_bright_1645,Daily Health,290,110,3,0,1,2.84,False,6.09,38.08,0.019,health,62,61.3
@crypto_vivid_1646,Alpha Crypto,542,181,7,0,1,1.71,False,5.97,33.51,0.08,crypto,62,59.0
@entertainment_quiet_1647,Bright Memes,64930,8206,150,0,41,2.74,False,2.54,12.64,0.003,entertainment,57,56.9
@health_bright_1648,Neon Care,1546,427,4,1,1,1.33,True,1.73,27.68,0.132,health,60,55.2
@news_alpha_1649,Vivid Wire,1133,549,10,0,1,2.53,False,3.05,48.5,0.034,news,60,58.8
@politics_prime_1650,Urban Policy,58802,25101,640,113,187,3.51,True,3.62,42.69,0.051,politics,82,79.5
@gaming_core_1651,Neon Games,624,167,4,1,1,2.8,True,4.48,26.78,0.0,gaming,62,62.0
@lifestyle_vivid_1652,Global Home,24440,7721,59,14,15,14.1,True,1.23,31.6,0.018,lifestyle,65,64.3
@crypto_bright_1653,Peak Crypto,834,42,0,0,0,2.01,True,0.74,5.09,0.713,crypto,29.55,16.9
@anime_quiet_1654,Smart Anime,766,156,4,0,0,3.22,False,3.59,20.43,0.089,anime,47,44.5
@education_quiet_1655,Nova Academy,9223,214,3,0,1,2.51,True,2.59,2.33,0.488,education,43.17,30.5
@gacha_core_1656,Global Gacha,3889,921,11,0,2,1.33,False,2.18,23.7,0.0,gacha,55,55.0
@lifestyle_daily_1657,Insider Travel,11612,2280,14,0,5,3.27,False,1.13,19.64,0.045,lifestyle,45,43.8
@sports_open_1658,Smart Sports,100,26,0,0,0,0.59,False,0.06,26.63,0.061,sports,28.2,27.2
@music_alpha_1659,Peak Sound,7511,2695,22,0,6,1.82,False,1.4,35.89,0.0,music,57,57.0
@entertainment_core_1660,Insider Memes,604,276,8,3,2,1.5,True,5.27,45.82,0.042,entertainment,72,70.2
@anime_prime_1661,Vivid Manga,43852,10888,205,71,45,1.72,True,2.73,24.83,0.065,anime,80,76.9
@entertainment_bright_1662,Alpha Vibes,16058,5675,255,0,61,3.55,False,6.17,35.34,0.063,entertainment,65,62.5
@lifestyle_prime_1663,Bright Home,1635,553,6,0,0,0.96,False,1.55,33.82,0.056,lifestyle,50,48.3
@gaming_bright_1664,Quiet Games,2484,1279,17,0,4,2.47,False,2.24,51.5,0.083,gaming,65,61.8
@music_prime_1665,Vivid Tracks,911,392,13,3,5,0.6,True,6.19,43.11,0.074,music,67,64.0
@gaming_open_1666,Vivid Quest,704,216,6,1,1,1.21,True,4.57,30.81,0.0,gaming,67,67.0
@business_open_1667,Open Market,7892,2299,76,0,21,0.04,False,5.35,29.13,0.108,business,47,43.9
@music_core_1668,Vivid Sound,105,44,0,0,0,1.12,True,1.35,42.0,0.017,music,52,51.5
@gaming_prime_1669,Alpha Games,2560,1222,37,0,7,2.47,False,4.94,47.76,0.089,gaming,60,56.8
@lifestyle_insider_1670,Quiet Living,29182,7630,311,0,67,2.31,False,6.37,26.15,0.051,lifestyle,65,63.0
@business_peak_1671,Nova Capital,49995,9145,134,0,35,0.01,False,2.34,18.29,0.102,business,40,37.5
@news_global_1672,Core Wire,9765,2983,60,0,9,1.57,False,3.29,30.55,0.124,news,62,57.4
@music_urban_1673,Neon Tracks,44637,9349,3,0,0,0.01,False,0.05,20.95,0.027,music,26.0,25.6
@lifestyle_vivid_1674,Nova Travel,3488,1076,27,0,8,2.37,False,3.85,30.85,0.042,lifestyle,60,58.5
@news_daily_1675,Global Wire,452,179,5,0,1,2.42,False,4.01,39.74,0.037,news,57,55.7
@crypto_urban_1676,Vivid Coins,10188,4093,35,13,9,13.1,True,1.52,40.18,0.0,crypto,65,65.0
@tech_smart_1677,Open Dev,1552,375,1,0,0,1.33,False,0.59,24.19,0.088,tech,45,42.6
@education_nova_1678,Alpha Lessons,7411,1756,18,3,7,2.37,True,1.78,23.71,0.044,education,62,60.4
@music_urban_1679,Peak Music,1666,397,11,0,2,1.52,False,3.89,23.83,0.039,music,55,53.7
@politics_prime_1680,Neon Policy,474,180,4,0,0,1.57,True,3.4,38.14,0.0,politics,57,57.0
@crypto_daily_1681,Prime Chain,1807,469,4,0,1,2.86,False,1.48,25.96,0.118,crypto,50,46.5
@politics_open_1682,Peak Politics,5824,1912,64,0,12,2.03,False,4.84,32.83,0.033,politics,62,60.8
@entertainment_core_1683,Quiet Laughs,18306,4378,104,0,23,29.6,False,3.63,23.92,0.079,entertainment,45,42.9
@entertainment_peak_1684,Daily Laughs,15994,4988,24,0,7,1.44,False,0.83,31.19,0.0,entertainment,55,55.0
@music_open_1685,Open Tracks,4913,995,0,0,0,0.1,True,0.05,20.27,0.11,music,21.0,19.6
@politics_peak_1686,Alpha Politics,700,186,5,1,1,0.17,True,4.42,26.62,0.011,politics,47,46.7
@business_bright_1687,Alpha Market,69556,16819,324,113,126,0.31,True,3.18,24.18,0.063,business,72,69.3
@entertainment_alpha_1688,Alpha Laughs,35180,9880,231,0,84,1.47,False,3.97,28.09,0.093,entertainment,60,56.7
@education_alpha_1689,Nova Learn,100,7,0,0,0,0.13,True,3.45,7.23,0.348,education,25.61,20.3
@business_urban_1690,Daily Market,2010,134,2,0,0,13.1,False,2.85,6.69,0.31,business,28.34,23.1
@crypto_open_1691,Open Chain,29166,8981,283,0,81,1.43,False,4.61,30.8,0.081,crypto,65,61.8
@health_global_1692,Core Wellness,8462,2566,52,16,11,0.12,True,2.93,30.33,0.099,health,67,63.0
@business_open_1693,Smart Capital,100,26,0,0,0,2.09,False,1.28,26.82,0.055,business,47,45.5
@business_global_1694,Bright Market,531,185,6,0,1,3.16,False,4.81,34.96,0.09,business,52,49.2
@crypto_bright_1695,Daily Crypto,5402,1594,10,2,3,3.54,True,1.21,29.51,0.143,crypto,57,52.1
@health_core_1696,Neon Care,3298,1113,14,0,4,3.7,False,2.14,33.76,0.047,health,55,53.5
@gacha_prime_1697,Alpha Gacha,2483,866,42,0,10,2.83,False,6.74,34.89,0.07,gacha,65,62.3
@entertainment_global_1698,Daily Vibes,1781,609,17,4,5,22.0,True,4.47,34.22,0.047,entertainment,55,53.4
@news_peak_1699,Smart News,1775,519,11,3,2,3.51,True,3.27,29.26,0.078,news,60,57.2
@sports_core_1700,Smart Sports,2115,551,11,1,3,0.17,True,2.81,26.08,0.087,sports,50,47.4
@crypto_open_1701,Nova Coins,10075,1677,41,10,7,1.09,True,3.37,16.65,0.093,crypto,70,66.1
@news_vivid_1702,Bright Report,12780,644,8,0,2,2.5,False,2.3,5.04,0.488,news,47.52,33.6
@business_open_1703,Vivid Money,222829,45038,860,133,306,2.13,True,2.84,20.21,0.0,business,85,85.0
@news_peak_1704,Peak News,3476,1025,39,6,14,4.99,True,6.26,29.5,0.075,news,70,66.9
@politics_vivid_1705,Prime Forum,2000,747,13,0,4,0.15,False,2.72,37.37,0.029,politics,45,44.2
@health_core_1706,Insider Fit,50051,13636,232,0,42,1.24,False,2.36,27.25,0.031,health,62,60.8
@crypto_neon_1707,Global Crypto,4122,1458,48,0,13,1.83,False,5.06,35.39,0.069,crypto,65,62.3
@news_smart_1708,Quiet Digest,12163,1142,13,0,3,19.3,False,2.0,9.39,0.655,news,34.7,21.1
@health_quiet_1709,Daily Care,2338,698,14,5,5,1.75,True,3.53,29.87,0.012,health,65,64.5
@gaming_alpha_1710,Insider Arena,2641,917,18,0,4,0.79,False,3.19,34.73,0.004,gaming,55,54.9
@politics_global_1711,Vivid Policy,166139,11793,24,0,6,2.95,False,0.29,7.1,0.579,politics,39.35,25.7
@education_nova_1712,Smart Learn,1076,465,17,0,4,1.84,False,6.3,43.3,0.0,education,65,65.0
@crypto_neon_1713,Core Chain,52285,13706,85,31,25,0.2,True,1.11,26.22,0.058,crypto,67,64.7
@business_open_1714,Smart Capital,21810,5794,109,0,31,1.69,False,3.29,26.57,0.025,business,60,59.1
@gaming_peak_1715,Bright Games,4703,1269,0,0,0,0.0,True,0.06,27.0,0.0,gaming,21.2,21.2
@politics_alpha_1716,Urban Debate,54088,1842,1,0,0,0.22,True,0.1,3.41,0.729,politics,20.7,11.7
@gaming_core_1717,Open Arena,3310,943,14,5,3,0.67,True,2.27,28.51,0.055,gaming,60,58.0
@lifestyle_urban_1718,Urban Living,603,200,3,0,1,1.63,False,3.03,33.25,0.06,lifestyle,57,54.9
@sports_core_1719,Core Arena,1458,414,12,0,2,2.46,False,4.58,28.4,0.045,sports,55,53.5
@health_peak_1720,Neon Wellness,288,98,1,0,0,0.95,True,2.72,34.06,0.014,health,52,51.6
@gaming_alpha_1721,Quiet Quest,3563,1504,13,0,4,2.55,False,1.33,42.22,0.027,gaming,55,54.1
@crypto_quiet_1722,Open Coins,4632,1568,35,5,9,0.05,True,3.27,33.87,0.032,crypto,55,53.9
@education_insider_1723,Bright Lessons,1461,412,15,0,3,0.17,False,5.68,28.2,0.0,education,45,45.0
@entertainment_prime_1724,Neon Fun,7717,2164,6,1,2,1.14,True,0.44,28.05,0.021,entertainment,55.8,55.1
@gaming_urban_1725,Urban Games,26028,8203,120,0,21,0.2,False,2.29,31.52,0.05,gaming,55,53.3
@education_prime_1726,Peak Lessons,239,31,0,0,0,1.78,False,1.94,13.37,0.638,education,42,25.9
@crypto_vivid_1727,Neon Chain,5331,1076,28,0,4,3.61,False,3.7,20.2,0.08,crypto,52,49.5
@business_daily_1728,Prime Ventures,47981,6924,159,41,49,1.1,True,3.29,14.43,0.094,business,75,70.8
@education_quiet_1729,Nova Course,15655,2076,25,6,4,3.12,True,1.78,13.26,0.398,education,60,45.7
@news_global_1730,Core Report,8609,3366,46,18,12,1.31,True,2.33,39.11,0.081,news,82,78.0
@crypto_neon_1731,Daily DeFi,3748,1255,50,0,10,3.21,False,5.59,33.49,0.036,crypto,60,58.7
@business_peak_1732,Core Capital,566,192,5,0,1,1.81,False,4.64,34.07,0.055,business,57,55.1
@entertainment_peak_1733,Quiet Laughs,9084,2733,69,0,15,1.3,False,4.61,30.09,0.098,entertainment,62,58.4
@lifestyle_vivid_1734,Global Home,1438,562,20,0,3,0.2,False,5.0,39.1,0.054,lifestyle,55,53.2
@business_neon_1735,Nova Ventures,3766,1550,59,20,16,2.01,True,5.37,41.16,0.066,business,85,81.6
@education_core_1736,Quiet Lessons,4195,1174,25,7,8,0.82,True,3.41,27.99,0.081,education,65,61.9
@lifestyle_peak_1737,Insider Style,8359,1615,65,11,19,0.08,True,5.99,19.33,0.128,lifestyle,62,57.2
@politics_bright_1738,Alpha Debate,43387,10935,186,0,51,0.81,False,2.31,25.2,0.08,politics,55,52.4
@news_urban_1739,Global Wire,3050,1172,26,4,8,0.19,True,3.28,38.44,0.09,news,55,52.0
@politics_smart_1740,Global Forum,732,116,1,0,0,11.6,False,1.94,15.98,0.076,politics,27,25.8
@crypto_bright_1741,Global Crypto,10029,3437,72,20,20,0.28,True,3.72,34.28,0.0,crypto,75,75.0
@music_core_1742,Core Music,782,132,1,0,0,3.14,True,1.46,16.93,0.067,music,37,35.5
@crypto_alpha_1743,Vivid DeFi,9816,1687,38,12,5,3.17,True,3.35,17.19,0.037,crypto,67,65.5
@crypto_urban_1744,Alpha Coins,6492,2003,48,0,6,2.75,False,3.29,30.85,0.035,crypto,62,60.7
@news_nova_1745,Peak Wire,4217,1397,40,8,12,0.69,True,4.17,33.14,0.069,news,70,67.1
@health_daily_1746,Global Care,9633,2320,42,0,10,1.52,False,3.17,24.09,0.024,health,57,56.2
@tech_insider_1747,Quiet Code,4244,1261,14,3,5,3.49,True,1.97,29.72,0.0,tech,55,55.0
@business_nova_1748,Quiet Market,3402,997,23,0,4,1.8,False,3.59,29.31,0.069,business,55,52.7
@crypto_daily_1749,Neon DeFi,1750,566,12,2,4,3.31,True,3.61,32.34,0.065,crypto,65,62.5
@gaming_prime_1750,Bright Arena,429,50,0,0,0,0.24,True,2.5,11.8,0.408,gaming,37,27.9
@education_smart_1751,Prime Lessons,1003,397,3,0,1,0.12,False,1.22,39.67,0.038,education,40,39.1
@health_core_1752,Urban Health,452,58,0,0,0,1.53,False,2.1,13.02,0.692,health,47,27.5
@politics_nova_1753,Daily Forum,6987,1513,23,0,3,2.06,False,2.53,21.66,0.0,politics,57,57.0
@education_global_1754,Nova Academy,35565,919,3,0,0,3.75,False,0.73,2.59,0.47,education,31.29,22.5
@tech_smart_1755,Core Tech,7326,1870,54,18,17,1.88,True,4.1,25.54,0.043,tech,77,75.0
@politics_bright_1756,Alpha Policy,24803,4232,34,0,8,0.09,False,1.12,17.06,0.042,politics,35,34.1
@education_bright_1757,Alpha Learn,100,35,1,0,0,0.15,False,4.84,35.43,0.05,education,42,40.7
@gaming_peak_1758,Bright Arena,1548,521,29,6,8,3.24,True,7.66,33.68,0.031,gaming,75,73.6
@music_alpha_1759,Nova Beats,3522,1278,25,10,5,2.04,True,3.35,36.29,0.08,music,75,71.4
@business_peak_1760,Urban Ventures,6851,2117,26,8,4,2.44,True,1.89,30.91,0.041,business,72,70.2
@news_alpha_1761,Urban Wire,636,237,9,0,2,24.5,False,6.16,37.32,0.053,news,47,45.5
@crypto_open_1762,Alpha Coins,8518,2514,28,0,9,1.01,False,2.02,29.52,0.054,crypto,57,55.1
@news_core_1763,Daily News,1019,307,6,0,1,2.84,False,2.84,30.14,0.066,news,60,57.6
@tech_insider_1764,Bright Dev,652,218,6,2,1,0.13,True,4.97,33.49,0.057,tech,52,50.2
@music_peak_1765,Daily Beats,4007,1136,25,5,6,0.41,True,3.29,28.36,0.02,music,55,54.3
@health_prime_1766,Global Health,11379,2161,39,14,12,2.8,True,2.96,19.0,0.03,health,75,73.7
@education_smart_1767,Open Learn,25207,2849,26,6,6,2.66,True,1.41,11.3,0.701,education,65,37.7
@business_peak_1768,Quiet Capital,6852,1518,24,3,7,1.53,True,2.14,22.16,0.0,business,67,67.0
@gacha_prime_1769,Insider Club,178,60,2,0,0,0.11,False,6.84,34.08,0.039,gacha,47,45.9
@news_prime_1770,Open Wire,380,178,5,0,1,1.48,False,4.39,46.84,0.014,news,57,56.5
@tech_insider_1771,Core AI,30860,4751,88,13,12,1.79,True,2.51,15.4,0.11,tech,75,70.1
@news_daily_1772,Peak Wire,1316,532,6,1,0,2.2,True,1.65,40.48,0.032,news,65,63.7
@health_prime_1773,Nova Fit,1240,545,16,3,6,0.05,True,5.26,44.02,0.0,health,60,60.0
@news_quiet_1774,Bright News,33333,11200,202,0,32,0.16,False,2.69,33.6,0.013,news,50,49.6
@tech_peak_1775,Nova Dev,24021,4590,84,20,20,2.68,True,2.7,19.11,0.042,tech,75,73.1
@health_daily_1776,Quiet Care,775,357,17,0,3,1.91,False,7.03,46.07,0.12,health,62,57.5
@tech_peak_1777,Smart AI,707,277,0,0,0,0.02,False,0.06,39.21,0.096,tech,23.2,21.9
@education_quiet_1778,Nova Learn,6978,962,45,0,13,2.89,False,7.26,13.79,0.028,education,57,56.1
@entertainment_smart_1779,Core Fun,12081,5820,160,0,28,1.85,False,4.04,48.18,0.04,entertainment,65,63.5
@business_daily_1780,Bright Capital,15570,4124,122,0,37,11.8,False,4.75,26.49,0.087,business,45,42.6
@music_peak_1781,Bright Tracks,31694,4452,48,13,9,0.36,True,1.83,14.05,0.13,music,60,55.3
@crypto_neon_1782,Open Coins,62901,17108,177,59,65,3.21,True,1.66,27.2,0.059,crypto,72,69.5
@tech_urban_1783,Insider Tech,547,141,2,0,0,0.18,False,2.4,25.78,0.014,tech,37,36.7
@education_smart_1784,Core Course,6475,2577,44,0,8,3.17,False,2.67,39.81,0.057,education,57,55.1
@tech_open_1785,Daily AI,339,86,3,0,0,1.86,True,6.03,25.41,0.015,tech,57,56.5
@tech_alpha_1786,Neon Dev,5466,404,4,0,0,1.84,False,1.63,7.41,0.638,tech,40.7,25.1
@education_urban_1787,Neon Academy,36671,13073,466,112,104,16.9,True,5.22,35.65,0.066,education,75,72.0
@sports_vivid_1788,Bright Match,23925,2427,12,3,3,0.15,True,0.86,10.15,0.459,sports,40,29.0
@news_quiet_1789,Core Wire,6861,1442,32,5,8,0.2,True,3.4,21.02,0.049,news,57,55.3
@education_prime_1790,Quiet Lessons,2001,585,26,9,6,0.23,True,6.99,29.25,0.007,education,65,64.7
@business_global_1791,Insider Ventures,5046,1857,52,23,13,2.78,True,5.12,36.82,0.083,business,87,82.7
@gaming_vivid_1792,Prime Esports,24762,6797,194,53,45,2.42,True,3.95,27.45,0.032,gaming,80,78.4
@crypto_prime_1793,Insider DeFi,5657,1754,47,8,11,1.94,True,4.28,31.01,0.013,crypto,77,76.4
@gaming_urban_1794,Urban Arena,5314,1240,37,10,7,2.18,True,4.75,23.35,0.078,gaming,72,68.6
@entertainment_quiet_1795,Smart Fun,389778,111438,2265,442,594,0.95,True,3.53,28.59,0.039,entertainment,80,78.1
@news_urban_1796,Smart Digest,444,147,3,1,1,2.8,True,4.05,33.22,0.061,news,67,64.6
@lifestyle_peak_1797,Insider Style,1886,749,26,9,6,2.65,True,5.43,39.76,0.069,lifestyle,80,76.7
@gaming_smart_1798,Bright Esports,46724,14374,483,114,124,1.09,True,4.76,30.77,0.0,gaming,85,85.0
@health_urban_1799,Smart Health,833,276,3,0,0,1.33,False,1.58,33.24,0.053,health,52,50.3
@education_nova_1800,Bright Lessons,4185,1030,28,0,8,3.18,False,3.79,24.62,0.056,education,50,48.3
@crypto_global_1801,Alpha Crypto,3371,1158,17,6,6,3.71,True,2.4,34.38,0.105,crypto,70,65.6
@health_nova_1802,Daily Health,32962,9220,203,0,42,2.31,False,3.17,27.97,0.033,health,60,58.8
@politics_quiet_1803,Core Politics,40979,9536,264,0,41,3.63,False,4.33,23.27,0.086,politics,55,52.2
@health_prime_1804,Core Fit,1340,784,15,0,2,3.15,False,2.73,58.52,0.031,health,60,58.9
@crypto_core_1805,Bright Crypto,7375,2179,38,0,13,1.56,False,3.17,29.55,0.063,crypto,57,54.9
@gaming_quiet_1806,Vivid Arena,3043,755,13,3,4,2.21,True,2.7,24.82,0.0,gaming,65,65.0
@entertainment_neon_1807,Quiet Vibes,1005,300,6,0,1,3.23,False,3.35,29.91,0.095,entertainment,50,47.2
@education_daily_1808,Neon Lessons,3577,1606,12,4,4,2.24,True,1.37,44.92,0.042,education,65,63.4
@entertainment_quiet_1809,Urban Memes,4975,920,36,0,7,1.77,False,5.7,18.51,0.088,entertainment,55,52.1
@health_open_1810,Smart Care,22007,8594,147,0,50,1.37,False,2.7,39.06,0.044,health,65,63.3
@gaming_global_1811,Neon Quest,1103,411,11,2,2,0.98,True,4.82,37.31,0.066,gaming,65,62.4
@gaming_neon_1812,Vivid Arena,37787,10643,57,20,14,0.83,True,0.78,28.17,0.0,gaming,65,65.0
@health_bright_1813,Urban Health,698,242,9,0,3,0.06,False,5.96,34.74,0.045,health,47,45.7
@sports_daily_1814,Neon Match,939,62,1,0,0,0.84,False,3.1,6.67,0.591,sports,35.34,22.8
@education_peak_1815,Smart Lessons,127882,34848,865,0,230,2.66,False,3.74,27.25,0.064,education,65,62.5
@tech_insider_1816,Global AI,8781,2192,12,0,5,1.1,False,1.05,24.97,0.021,tech,52,51.3
@news_open_1817,Quiet Report,609,220,0,0,0,2.39,False,0.75,36.22,0.095,news,47,44.3
@news_global_1818,Vivid News,2253,775,1,0,0,2.5,False,0.39,34.42,0.071,news,47.8,45.8
@anime_neon_1819,Vivid Otaku,1523,358,7,1,2,2.38,True,3.16,23.52,0.063,anime,65,62.5
@music_global_1820,Global Music,1178,448,8,2,1,3.23,True,3.21,38.05,0.073,music,65,62.1
@music_daily_1821,Smart Tracks,23451,6035,78,0,16,4.26,False,2.11,25.74,0.024,music,55,54.2
@tech_insider_1822,Global AI,174,70,0,0,0,2.06,True,1.91,40.41,0.069,tech,52,49.9
@news_neon_1823,Smart News,26283,10105,90,0,35,0.83,False,1.44,38.45,0.021,news,55,54.3
@gaming_insider_1824,Global Quest,1054,604,24,0,7,0.2,False,5.98,57.36,0.032,gaming,60,58.9
@news_neon_1825,Core Report,13672,2123,35,0,9,1.42,False,2.74,15.53,0.129,news,55,50.7
@lifestyle_quiet_1826,Urban Travel,4347,1816,40,0,10,0.15,False,3.28,41.79,0.143,lifestyle,45,41.1
@crypto_global_1827,Quiet Coins,107533,3748,46,14,12,29.0,True,2.03,3.49,0.43,crypto,56.74,42.1
@politics_open_1828,Insider Policy,4872,1394,20,4,7,35.0,True,2.55,28.62,0.123,politics,50,46.3
@politics_daily_1829,Smart Policy,11920,2750,75,12,26,1.21,True,4.04,23.07,0.0,politics,80,80.0
@crypto_daily_1830,Bright Crypto,30579,9355,217,29,67,2.31,True,3.13,30.59,0.036,crypto,85,83.1
@music_bright_1831,Core Tracks,3743,1849,60,0,16,2.22,False,4.74,49.43,0.041,music,60,58.5
@education_nova_1832,Insider Learn,165,46,0,0,0,0.2,True,1.78,28.05,0.078,education,37,35.3
@crypto_daily_1833,Nova Crypto,36229,10295,102,32,20,3.31,True,1.5,28.42,0.069,crypto,70,67.1
@gaming_neon_1834,Open Games,2271,261,6,0,2,3.4,False,4.3,11.5,0.0,gaming,45,45.0
@news_alpha_1835,Peak Report,1367,455,19,4,6,2.6,True,6.05,33.35,0.013,news,75,74.4
@music_peak_1836,Smart Sound,1342,388,16,3,4,1.57,True,6.13,28.93,0.058,music,70,67.6
@education_quiet_1837,Prime Lessons,10093,2130,50,0,19,3.25,False,3.76,21.11,0.055,education,55,53.2
@entertainment_smart_1838,Prime Vibes,279,93,1,0,0,0.08,True,2.32,33.67,0.054,entertainment,42,40.6
@education_daily_1839,Quiet Learn,3165,708,11,4,4,2.21,True,2.64,22.38,0.103,education,65,61.0
@entertainment_prime_1840,Open Vibes,3452,647,10,0,2,3.44,False,2.79,18.75,0.118,entertainment,45,41.8
@lifestyle_bright_1841,Smart Travel,285,82,1,0,0,0.29,True,2.65,28.9,0.0,lifestyle,42,42.0
@business_prime_1842,Vivid Market,8941,2021,65,0,16,1.11,False,5.26,22.61,0.032,business,62,60.8
@education_alpha_1843,Daily Academy,3926,1974,20,0,3,1.46,False,1.62,50.29,0.065,education,60,57.7
@lifestyle_smart_1844,Smart Home,17586,5466,22,0,5,2.72,False,0.56,31.09,0.119,lifestyle,55,51.1
@anime_smart_1845,Alpha Manga,587,181,2,0,0,2.28,True,2.13,30.93,0.052,anime,57,55.2
@education_neon_1846,Urban Course,1158,538,17,4,5,0.71,True,5.76,46.5,0.021,education,70,69.1
@gaming_neon_1847,Urban Quest,33584,5439,127,53,34,3.08,True,3.99,16.2,0.032,gaming,70,68.7
@news_nova_1848,Open Digest,63317,10896,251,78,85,4.32,True,3.31,17.21,0.006,news,72,71.8
@crypto_smart_1849,Quiet Chain,563,280,2,0,0,1.51,False,1.37,49.84,0.043,crypto,52,50.6
@news_neon_1850,Insider Report,65532,21759,207,0,51,0.88,False,1.47,33.2,0.045,news,57,55.4
@crypto_nova_1851,Peak Chain,1501,147,0,0,0,2.22,False,0.72,9.84,0.785,crypto,34.92,18.5
@education_quiet_1852,Alpha Lessons,3135,830,32,0,8,2.06,False,5.85,26.5,0.0,education,60,60.0
@crypto_nova_1853,Daily Chain,9838,312,2,0,0,2.15,False,1.06,3.18,0.641,crypto,38.59,23.7
@music_prime_1854,Daily Music,7630,1485,26,0,6,1.35,False,2.5,19.48,0.012,music,52,51.6
@business_neon_1855,Bright Ventures,1389,574,17,5,4,1.76,True,4.09,41.33,0.051,business,70,67.9
@news_peak_1856,Peak News,1732,320,0,0,0,0.13,False,0.05,18.52,0.078,news,16.0,15.3
@news_prime_1857,Smart Report,2691,649,22,0,4,1.54,False,5.25,24.12,0.05,news,60,58.2
@business_insider_1858,Core Capital,4318,1435,36,10,5,1.0,True,3.44,33.25,0.076,business,75,71.6
@tech_smart_1859,Open Tech,4808,659,13,0,2,3.6,False,2.95,13.71,0.081,tech,45,42.8
@tech_alpha_1860,Global AI,6410,1889,4,0,0,0.27,False,0.38,29.48,0.168,tech,34.6,31.1
@crypto_alpha_1861,Vivid Coins,814,193,3,0,1,3.41,True,2.84,23.78,0.061,crypto,47,45.3
@gaming_bright_1862,Smart Esports,2726,1081,17,0,5,0.14,False,2.13,39.68,0.111,gaming,45,42.0
@politics_bright_1863,Neon Policy,2821,974,28,0,7,2.99,False,4.52,34.55,0.0,politics,60,60.0
@news_daily_1864,Daily News,2179,620,44,13,13,2.94,True,10.25,28.49,0.0,news,80,80.0
@politics_nova_1865,Peak Debate,2366,863,22,0,5,2.06,False,3.59,36.48,0.017,politics,60,59.4
@sports_quiet_1866,Global Sports,862,345,0,0,0,1.31,False,0.51,40.13,0.0,sports,47,47.0
@anime_core_1867,Bright Otaku,349,123,4,0,1,2.11,True,5.45,35.52,0.101,anime,62,58.2
@news_bright_1868,Neon News,3173,1309,6,0,1,1.53,False,0.79,41.27,0.063,news,50,48.1
@health_neon_1869,Core Wellness,13478,3832,146,24,48,2.81,True,5.1,28.44,0.072,health,85,81.3
@music_smart_1870,Global Tracks,583,215,8,0,2,4.4,False,6.29,36.95,0.0,music,57,57.0
@politics_open_1871,Neon Forum,2513,969,22,0,6,0.15,False,3.9,38.58,0.067,politics,45,43.2
@tech_neon_1872,Neon Tech,2262,167,0,0,0,0.69,True,0.81,7.4,0.567,tech,28.7,18.9
@tech_nova_1873,Urban Tech,6088,849,3,0,0,0.2,False,0.58,13.95,0.624,tech,32,20.0
@business_quiet_1874,Vivid Capital,4224,1642,43,0,13,2.51,False,4.05,38.89,0.115,business,60,55.9
@gaming_daily_1875,Alpha Quest,1843,676,21,5,4,1.19,True,4.62,36.71,0.097,gaming,70,65.9
@business_nova_1876,Insider Capital,3407,1114,22,7,4,30.7,True,3.16,32.71,0.006,business,60,59.8
@politics_insider_1877,Peak Debate,6057,2796,39,7,8,2.13,True,1.93,46.17,0.06,politics,72,69.4
@politics_insider_1878,Quiet Forum,412,177,3,1,0,21.1,True,3.67,43.15,0.0,politics,52,52.0
@music_neon_1879,Open Sound,2814,894,14,3,4,0.08,True,2.24,31.8,0.042,music,55,53.6
@anime_prime_1880,Global Otaku,12711,3638,72,0,12,3.31,False,3.23,28.62,0.055,anime,55,53.2
@gaming_bright_1881,Core Arena,2890,809,3,0,0,3.59,False,0.6,28.0,0.021,gaming,40,39.5
@gacha_smart_1882,Core Club,915,269,8,3,3,0.27,True,5.12,29.45,0.093,gacha,57,53.8
@business_alpha_1883,Bright Market,1000,480,8,2,3,0.13,True,2.8,48.06,0.065,business,55,52.9
@crypto_urban_1884,Global Chain,7291,1312,28,0,10,1.16,False,3.38,18.0,0.035,crypto,52,50.9
@crypto_open_1885,Core Coins,5313,1347,27,7,6,0.18,True,3.4,25.35,0.057,crypto,57,55.0
@health_core_1886,Global Care,2793,861,19,0,6,0.19,False,3.38,30.83,0.021,health,45,44.4
@lifestyle_core_1887,Core Living,14755,4483,77,0,20,0.66,False,2.93,30.38,0.094,lifestyle,60,56.6
@tech_neon_1888,Bright Code,7774,3201,38,0,12,16.2,False,2.01,41.18,0.107,tech,47,44.0
@tech_bright_1889,Neon AI,2584,208,1,0,0,2.51,False,1.03,8.05,0.532,tech,39.03,26.6
@sports_global_1890,Vivid League,8315,238,0,0,0,2.5,False,0.33,2.87,0.402,sports,30.04,22.8
@news_bright_1891,Peak News,1130,357,16,3,4,3.02,True,7.1,31.61,0.036,news,70,68.5
@gaming_open_1892,Alpha Esports,1463,364,8,1,1,0.13,True,3.72,24.9,0.0,gaming,50,50.0
@sports_nova_1893,Vivid Arena,4606,1337,54,13,10,3.96,True,6.11,29.04,0.012,sports,75,74.4
@health_prime_1894,Global Fit,10550,2920,14,0,3,2.88,False,0.87,27.68,0.096,health,50,47.1
@lifestyle_quiet_1895,Quiet Living,26161,6417,71,0,23,0.2,False,1.64,24.53,0.0,lifestyle,45,45.0
@news_neon_1896,Quiet Wire,6680,2595,55,0,11,35.8,False,2.89,38.85,0.09,news,47,44.5
@music_insider_1897,Daily Music,4419,1404,30,8,7,0.2,True,3.28,31.78,0.019,music,65,64.3
@education_bright_1898,Alpha Academy,21620,7181,110,25,39,1.56,True,2.77,33.22,0.027,education,85,83.6
@business_urban_1899,Urban Market,3793,1410,55,0,19,3.47,False,6.52,37.18,0.058,business,60,57.9
@entertainment_prime_1900,Alpha Fun,21123,4243,182,57,52,1.78,True,6.48,20.09,0.022,entertainment,85,83.9
@crypto_peak_1901,Open Coins,23063,5932,68,0,21,4.2,False,1.96,25.72,0.029,crypto,50,49.1
@news_insider_1902,Urban Report,3606,987,14,0,4,0.7,False,2.22,27.37,0.005,news,50,49.8
@anime_peak_1903,Nova Sakura,7273,2147,69,0,21,1.17,False,5.41,29.53,0.073,anime,62,59.3
@entertainment_bright_1904,Vivid Fun,3679,1230,20,6,5,0.18,True,2.61,33.44,0.112,entertainment,60,56.0
@education_neon_1905,Core Academy,1136,478,5,0,1,1.18,False,1.88,42.15,0.001,education,55,55.0
@entertainment_bright_1906,Vivid Memes,31622,3525,79,0,27,0.2,False,3.19,11.15,0.435,entertainment,45,33.3
@health_neon_1907,Neon Fit,10868,5091,172,0,30,0.15,False,4.51,46.85,0.0,health,50,50.0
@health_nova_1908,Quiet Health,1411,89,1,0,0,0.78,True,1.93,6.38,0.575,health,33.19,21.7
@movies_quiet_1909,Global Screen,7705,2581,37,5,11,2.72,True,2.14,33.5,0.064,movies,72,69.2
@business_core_1910,Quiet Market,15766,5544,156,0,45,0.49,False,3.85,35.17,0.113,business,55,51.3
@business_daily_1911,Global Ventures,31544,5433,96,33,37,0.15,True,3.08,17.22,0.045,business,60,58.4
@education_peak_1912,Open Academy,3297,787,18,0,4,1.68,False,3.3,23.9,0.04,education,55,53.7
@gaming_prime_1913,Smart Games,25619,7239,139,0,24,0.19,False,2.85,28.26,0.077,gaming,45,42.9
@news_quiet_1914,Nova Wire,3525,1028,29,5,5,3.38,True,4.84,29.17,0.055,news,60,58.0
@entertainment_bright_1915,Global Fun,17122,4197,95,25,15,3.33,True,3.49,24.52,0.069,entertainment,75,71.9
@politics_smart_1916,Bright Policy,967,232,8,0,1,1.9,False,5.53,24.0,0.082,politics,57,54.2
@news_nova_1917,Vivid Wire,15641,4817,127,48,49,2.12,True,4.78,30.8,0.01,news,85,84.5
@lifestyle_daily_1918,Neon Living,222,72,1,0,0,0.06,True,3.6,32.86,0.061,lifestyle,42,40.5
@tech_core_1919,Urban Code,83589,11465,231,0,53,1.33,False,3.14,13.72,0.041,tech,57,55.6
@entertainment_smart_1920,Core Memes,3746,881,16,6,4,1.96,True,3.16,23.52,0.066,entertainment,70,67.2
@gaming_bright_1921,Vivid Quest,2052,843,20,3,3,1.53,True,3.24,41.13,0.06,gaming,70,67.5
@music_nova_1922,Prime Tracks,10448,2547,38,7,13,2.53,True,2.24,24.38,0.017,music,75,74.3
@gaming_quiet_1923,Open Games,118,43,1,0,0,0.96,False,4.14,36.79,0.0,gaming,52,52.0
@business_core_1924,Daily Money,14820,2413,90,0,21,0.13,False,5.14,16.29,0.113,business,45,42.0
@tech_insider_1925,Bright Dev,1212,318,6,0,2,0.03,False,3.44,26.3,0.04,tech,40,39.0
@education_alpha_1926,Open Course,53424,10845,49,16,8,1.89,True,0.61,20.3,0.06,education,72,69.4
@news_prime_1927,Urban News,9238,3212,31,5,10,2.18,True,1.45,34.78,0.015,news,67,66.4
@entertainment_daily_1928,Nova Fun,1334,280,3,0,0,3.32,True,1.81,21.0,0.033,entertainment,45,44.1
@tech_daily_1929,Prime Code,37589,8893,115,0,41,1.49,False,2.12,23.66,0.051,tech,60,58.2
@politics_core_1930,Urban Debate,1094,290,2,0,0,3.23,False,1.17,26.54,0.083,politics,45,42.8
@education_peak_1931,Urban Learn,4095,1173,23,0,5,1.33,False,3.52,28.66,0.0,education,55,55.0
@entertainment_bright_1932,Neon Vibes,3460,726,13,0,4,2.2,False,3.09,21.0,0.088,entertainment,55,52.1
@business_vivid_1933,Nova Ventures,6468,1792,36,0,11,0.56,False,3.69,27.71,0.014,business,52,51.6
@sports_open_1934,Open Match,10085,2955,62,14,12,0.82,True,3.05,29.31,0.066,sports,75,72.0
@entertainment_neon_1935,Daily Vibes,6967,469,3,0,1,0.2,False,1.02,6.74,0.351,entertainment,30.37,24.0
@news_open_1936,Open Wire,1284,372,15,0,4,1.37,False,7.24,29.03,0.0,news,60,60.0
@tech_insider_1937,Quiet Dev,4191,1089,49,0,14,1.25,False,6.36,26.0,0.0,tech,60,60.0
@crypto_urban_1938,Bright Coins,3140,1075,55,15,17,2.51,True,7.01,34.26,0.016,crypto,85,84.2
@politics_smart_1939,Quiet Politics,64647,9881,288,0,93,1.15,False,4.63,15.29,0.075,politics,57,54.4
@gaming_daily_1940,Core Games,2171,723,7,0,1,0.84,False,1.35,33.31,0.022,gaming,50,49.3
@music_vivid_1941,Bright Tracks,5162,1630,16,0,6,1.31,False,1.63,31.59,0.075,music,57,54.4
@business_daily_1942,Urban Money,1296,419,6,2,1,2.59,True,2.7,32.38,0.089,business,70,66.3
@health_neon_1943,Open Health,11428,1356,37,8,12,1.72,True,4.26,11.87,0.067,health,70,67.2
@news_neon_1944,Prime Wire,3088,586,23,6,7,0.03,True,6.28,19.0,0.0,news,55,55.0
@news_quiet_1945,Smart Digest,1713,492,9,3,2,1.7,True,3.46,28.74,0.016,news,65,64.4
@gaming_daily_1946,Urban Arena,12441,4856,79,12,23,3.84,True,2.39,39.04,0.001,gaming,80,79.9
@business_urban_1947,Smart Ventures,2392,729,14,0,4,0.19,False,3.04,30.5,0.071,business,45,43.1
@education_alpha_1948,Quiet Academy,408,133,5,0,1,1.56,False,5.48,32.76,0.038,education,62,60.6
@health_prime_1949,Neon Health,2020,176,1,0,0,1.74,False,1.07,8.76,0.736,health,39.38,22.0
@education_urban_1950,Smart Learn,361,158,0,0,0,2.02,True,0.06,43.95,0.116,education,38.2,35.5
@tech_peak_1951,Global Tech,302,133,2,0,0,2.11,False,3.33,44.13,0.0,tech,57,57.0
@gaming_daily_1952,Prime Arena,18545,1974,6,0,1,3.4,False,0.47,10.65,0.801,gaming,39.4,20.5
@business_daily_1953,Peak Market,2230,897,15,3,5,2.6,True,2.62,40.27,0.095,business,70,66.0
@anime_neon_1954,Peak Manga,3933,2248,49,0,17,28.5,False,3.27,57.17,0.0,anime,50,50.0
@entertainment_alpha_1955,Global Memes,25320,4970,77,0,13,1.53,False,2.64,19.63,0.021,entertainment,55,54.3
@news_vivid_1956,Global Digest,100,40,0,0,0,3.43,True,1.85,40.5,0.063,news,47,45.2
@business_neon_1957,Prime Ventures,9508,2597,43,0,7,1.18,False,2.68,27.32,0.05,business,57,55.3
@music_global_1958,Alpha Sound,760,242,9,0,2,2.69,False,6.81,31.97,0.065,music,62,59.6
@entertainment_smart_1959,Nova Fun,5298,900,33,0,9,2.54,False,5.17,16.99,0.0,entertainment,57,57.0
@gaming_vivid_1960,Core Quest,2630,773,13,0,4,3.37,False,2.88,29.41,0.047,gaming,50,48.6
@news_vivid_1961,Neon Report,415,195,0,0,0,2.87,True,0.06,47.2,0.049,news,38.2,37.1
@business_vivid_1962,Smart Market,3232,999,18,0,4,1.04,False,2.72,30.91,0.028,business,60,59.0
@business_peak_1963,Alpha Ventures,1137,449,16,0,5,11.1,False,5.14,39.5,0.039,business,50,48.8
@crypto_open_1964,Prime Crypto,100,26,0,0,0,2.34,True,5.45,26.82,0.147,crypto,57,52.0
@news_peak_1965,Neon Report,12440,4092,44,16,11,1.02,True,1.8,32.9,0.064,news,80,76.9
@sports_daily_1966,Core League,115666,27471,815,140,165,0.62,True,4.19,23.75,0.082,sports,80,76.1
@entertainment_peak_1967,Bright Laughs,944,496,20,5,5,0.82,True,5.66,52.63,0.074,entertainment,72,68.8
@news_core_1968,Peak News,5097,1679,39,6,14,1.06,True,3.87,32.95,0.072,news,77,73.7
@tech_nova_1969,Prime AI,37592,6762,170,30,47,0.2,True,3.5,17.99,0.032,tech,65,63.7
@business_bright_1970,Global Ventures,100,42,1,0,0,2.9,False,3.74,42.79,0.07,business,57,54.6
@entertainment_bright_1971,Vivid Memes,29740,6083,33,0,6,2.04,False,0.81,20.46,0.004,entertainment,50,49.9
@education_daily_1972,Core Lessons,9153,2599,55,0,18,1.88,False,3.59,28.4,0.072,education,57,54.5
@crypto_smart_1973,Open Crypto,626,283,10,3,2,2.7,True,5.55,45.32,0.051,crypto,72,69.8
@news_nova_1974,Prime Report,531,262,11,0,3,0.2,False,6.38,49.47,0.0,news,52,52.0
@news_nova_1975,Peak Wire,100644,21166,6,0,1,0.89,False,0.04,21.03,0.106,news,40.8,38.2
@entertainment_vivid_1976,Bright Vibes,198,60,2,0,0,1.16,False,6.04,30.56,0.033,entertainment,62,60.8
@health_vivid_1977,Global Wellness,15431,503,5,0,1,2.03,False,1.85,3.26,0.374,health,41.63,32.3
@business_bright_1978,Nova Capital,3113,246,1,0,0,0.94,False,0.86,7.92,0.704,business,28.96,16.7
@sports_nova_1979,Quiet Arena,441,36,0,0,0,1.08,True,2.32,8.18,0.487,sports,41.09,29.1
@politics_quiet_1980,Peak Debate,252,58,0,0,0,2.35,False,1.47,23.35,0.031,politics,47,46.1
@education_prime_1981,Nova Lessons,393,128,3,1,1,0.48,True,4.97,32.68,0.041,education,57,55.6
@tech_alpha_1982,Open Tech,454,149,2,0,0,0.2,True,2.4,32.97,0.029,tech,47,46.2
@business_daily_1983,Prime Money,2306,684,19,0,5,1.48,False,4.79,29.67,0.05,business,55,53.3
@news_quiet_1984,Core News,4794,1867,38,11,8,2.46,True,3.09,38.96,0.02,news,80,79.1
@tech_daily_1985,Urban Dev,631,227,0,0,0,0.24,False,0.06,36.12,0.093,tech,28.2,26.6
@anime_prime_1986,Prime Otaku,1657,667,11,3,2,1.35,True,2.23,40.29,0.056,anime,70,67.7
@tech_alpha_1987,Quiet Code,3272,1017,17,0,3,2.47,False,3.03,31.11,0.093,tech,60,56.7
@education_open_1988,Insider Course,22289,936,2,0,0,0.44,True,0.45,4.2,0.491,education,26.1,18.4
@entertainment_insider_1989,Peak Memes,15107,5214,42,0,15,1.83,False,1.24,34.52,0.022,entertainment,60,59.2
@lifestyle_core_1990,Insider Living,5963,2826,1,0,0,0.18,False,0.05,47.4,0.053,lifestyle,28.0,27.1
@tech_daily_1991,Global Code,6595,2027,65,16,11,1.6,True,5.07,30.74,0.114,tech,87,81.0
@crypto_prime_1992,Urban DeFi,1594,777,28,9,6,3.05,True,5.84,48.78,0.031,crypto,75,73.6
@lifestyle_nova_1993,Peak Travel,955,321,11,1,3,0.29,True,5.35,33.62,0.069,lifestyle,62,59.4
@news_daily_1994,Urban News,915,314,10,0,2,0.14,False,5.99,34.42,0.0,news,47,47.0
@politics_bright_1995,Urban Forum,3561,1147,16,0,5,1.38,False,2.21,32.23,0.044,politics,60,58.4
@business_global_1996,Urban Money,916,342,9,3,1,0.16,True,3.96,37.34,0.103,business,52,48.8
@business_global_1997,Smart Capital,792,311,7,0,1,2.11,False,3.88,39.35,0.08,business,57,54.3
@news_vivid_1998,Bright News,12640,2765,14,0,3,1.63,False,0.97,21.88,0.097,news,50,47.1
@health_vivid_1999,Neon Care,13735,4754,63,12,11,1.56,True,1.97,34.61,0.042,health,80,78.0
@sports_vivid_2000,Neon Arena,2460,66,0,0,0,0.82,False,0.79,2.7,0.671,sports,26.35,15.7
@news_nova_2001,Quiet Report,1025,318,4,0,1,1.63,True,2.41,31.06,0.049,news,60,58.2
@news_insider_2002,Global Wire,838,356,7,2,1,1.55,True,3.07,42.56,0.057,news,67,64.7
@health_alpha_2003,Urban Health,309,91,3,0,1,0.76,True,5.4,29.76,0.133,health,52,47.9
@business_bright_2004,Smart Capital,15675,5618,133,26,50,1.48,True,3.76,35.85,0.082,business,85,80.8
@entertainment_insider_2005,Prime Laughs,1954,582,5,1,2,2.51,True,1.58,29.83,0.058,entertainment,60,57.9
@entertainment_prime_2006,Prime Laughs,3673,1728,34,10,8,0.23,True,3.4,47.07,0.018,entertainment,65,64.3
@politics_open_2007,Neon Forum,17882,3024,64,0,17,2.56,False,3.18,16.91,0.146,politics,55,50.2
@tech_vivid_2008,Prime AI,1227,357,5,0,1,0.16,False,2.54,29.16,0.033,tech,40,39.2
@entertainment_bright_2009,Smart Fun,23928,5786,144,0,41,2.63,False,4.32,24.18,0.096,entertainment,60,56.6
@movies_vivid_2010,Nova Screen,1438,686,15,5,3,1.41,True,3.72,47.72,0.004,movies,70,69.8
@business_quiet_2011,Core Money,7209,722,2,0,0,0.2,True,0.52,10.02,0.608,business,32,20.3
@business_quiet_2012,Urban Ventures,6011,1213,40,9,10,2.07,True,4.95,20.18,0.072,business,72,68.9
@news_core_2013,Insider Digest,8050,2851,95,0,31,4.42,False,4.58,35.43,0.031,news,57,56.0
@politics_core_2014,Insider Politics,3484,1132,19,6,5,1.52,True,2.77,32.5,0.0,politics,75,75.0
@sports_peak_2015,Nova Match,487,182,4,1,0,2.91,True,3.56,37.48,0.002,sports,67,66.9
@news_quiet_2016,Global News,42285,10574,286,0,94,2.05,False,3.76,25.01,0.054,news,60,58.1
@lifestyle_core_2017,Nova Living,57880,12502,333,0,69,0.45,False,3.63,21.6,0.003,lifestyle,52,51.9
@news_smart_2018,Nova News,5932,1488,30,7,10,2.63,True,3.26,25.09,0.058,news,72,69.5
@news_vivid_2019,Insider News,804,176,6,1,2,1.14,True,5.34,21.99,0.075,news,67,64.0
@gaming_open_2020,Prime Quest,7494,1272,29,5,6,0.31,True,3.47,16.98,0.032,gaming,52,51.0
@lifestyle_quiet_2021,Alpha Travel,133507,24928,579,192,94,1.24,True,3.18,18.67,0.077,lifestyle,80,76.3
@lifestyle_open_2022,Daily Home,4094,1300,38,7,10,3.0,True,4.43,31.78,0.09,lifestyle,75,71.0
@entertainment_core_2023,Daily Vibes,7033,1753,47,0,15,3.38,False,3.72,24.94,0.0,entertainment,52,52.0
@crypto_open_2024,Urban DeFi,4861,1736,42,0,8,28.7,False,3.99,35.73,0.022,crypto,45,44.4
@tech_peak_2025,Quiet Tech,4507,621,8,0,2,15.2,False,2.32,13.78,0.06,tech,35,33.7
@movies_global_2026,Smart Cinema,29561,3694,9,0,1,1.21,False,0.34,12.5,0.521,movies,41.8,28.7
@tech_quiet_2027,Nova AI,1615,774,21,6,5,4.59,True,4.37,47.95,0.082,tech,70,66.5
@entertainment_smart_2028,Nova Vibes,342,23,0,0,0,1.2,True,0.24,6.74,0.627,entertainment,25.17,15.7
@news_bright_2029,Open Report,20426,6355,160,0,28,0.2,False,3.52,31.11,0.003,news,55,54.9
@gaming_insider_2030,Neon Arena,796,329,6,2,1,2.33,True,3.21,41.44,0.031,gaming,67,65.7
@entertainment_urban_2031,Global Laughs,453,96,1,0,0,1.86,False,2.85,21.25,0.035,entertainment,52,50.9
@gaming_bright_2032,Neon Esports,2536,1062,6,0,2,1.7,False,0.99,41.92,0.068,gaming,50,48.0
@news_open_2033,Urban News,6986,2039,0,0,0,22.8,True,0.05,29.19,0.056,news,23.0,22.2
@crypto_daily_2034,Open DeFi,931,427,18,0,4,0.2,False,6.07,45.92,0.079,crypto,52,49.5
@entertainment_alpha_2035,Peak Memes,3077,865,1,0,0,4.41,False,0.19,28.14,0.02,entertainment,33.8,33.4
@gaming_peak_2036,Insider Arena,5628,2070,29,7,6,0.17,True,1.93,36.8,0.051,gaming,57,55.3
@lifestyle_peak_2037,Daily Home,799,293,5,0,1,0.65,False,3.15,36.68,0.043,lifestyle,52,50.7
@education_vivid_2038,Insider Lessons,1114,467,10,2,2,3.38,True,3.73,42.0,0.028,education,65,63.9
@health_bright_2039,Vivid Health,790,331,9,2,3,3.96,True,4.09,41.98,0.062,health,62,59.7
@entertainment_insider_2040,Bright Laughs,1432,477,19,0,4,2.12,False,6.38,33.35,0.093,entertainment,65,61.4
@sports_peak_2041,Quiet Match,11948,3596,16,0,6,1.64,False,0.8,30.1,0.0,sports,55,55.0
@business_insider_2042,Neon Money,2814,763,12,2,3,2.08,True,2.46,27.15,0.035,business,65,63.6
@tech_global_2043,Peak Dev,2215,684,4,0,1,29.5,False,1.06,30.88,0.065,tech,40,38.4
@crypto_quiet_2044,Bright Crypto,1318,394,5,0,2,3.05,False,2.29,29.93,0.025,crypto,50,49.2
@crypto_peak_2045,Daily DeFi,1715,53,0,0,0,0.2,True,1.32,3.12,0.435,crypto,26.56,19.6
@gaming_peak_2046,Nova Arena,3408,1108,26,4,6,1.26,True,4.03,32.54,0.073,gaming,70,66.9
@business_vivid_2047,Daily Ventures,1116,58,0,0,0,21.4,True,0.03,5.21,0.47,business,8.2,5.9
@news_alpha_2048,Global Wire,4260,1526,12,1,3,2.04,True,1.11,35.84,0.012,news,65,64.5
@gaming_insider_2049,Peak Quest,29591,11306,260,0,82,1.72,False,3.15,38.21,0.051,gaming,65,63.0
@gaming_smart_2050,Nova Games,6503,1857,14,5,4,2.72,True,1.12,28.56,0.031,gaming,62,60.8
@politics_open_2051,Alpha Forum,128884,11554,503,0,185,1.14,False,6.74,8.97,0.008,politics,59.48,59.2
@entertainment_nova_2052,Open Fun,2940,1064,40,12,15,0.63,True,6.12,36.22,0.021,entertainment,80,79.0
@education_peak_2053,Bright Academy,2545,655,6,1,1,3.5,True,1.54,25.77,0.027,education,55,54.1
@news_peak_2054,Vivid Report,2609,468,11,0,3,3.44,False,3.43,17.94,0.009,news,45,44.8
@entertainment_vivid_2055,Quiet Vibes,74049,14703,346,0,109,3.22,False,3.44,19.86,0.015,entertainment,52,51.5
@politics_prime_2056,Nova Forum,10571,1806,51,16,9,1.46,True,3.89,17.09,0.074,politics,75,71.6
@tech_quiet_2057,Bright Tech,262,50,1,0,0,3.12,False,5.08,19.44,0.066,tech,47,45.1
@health_urban_2058,Prime Health,6069,1567,10,2,3,1.88,True,1.18,25.83,0.12,health,62,57.6
@music_open_2059,Open Beats,1015,391,3,0,1,1.75,False,1.19,38.58,0.036,music,55,53.8
@health_smart_2060,Smart Health,2117,945,38,0,12,3.83,False,5.69,44.64,0.118,health,60,55.7
@entertainment_nova_2061,Daily Vibes,4757,1386,34,7,9,0.19,True,4.24,29.15,0.131,entertainment,55,50.7
@health_core_2062,Urban Fit,2478,63,0,0,0,0.6,True,1.06,2.56,0.78,health,31.28,16.6
@entertainment_neon_2063,Core Vibes,2763,731,5,1,1,1.72,True,1.04,26.46,0.102,entertainment,60,56.3
@health_open_2064,Bright Health,8248,3559,63,0,17,30.8,False,2.94,43.16,0.002,health,47,46.9
@business_urban_2065,Global Capital,12213,3626,30,5,6,0.99,True,1.22,29.7,0.06,business,60,57.8
@gaming_open_2066,Vivid Quest,20842,5798,106,0,40,0.94,False,2.91,27.82,0.075,gaming,55,52.5
@lifestyle_daily_2067,Core Home,1331,624,2,0,0,0.51,True,0.61,46.9,0.105,lifestyle,45,42.2
@crypto_peak_2068,Quiet Coins,2294,296,9,0,2,2.0,False,5.05,12.94,0.0,crypto,55,55.0
@lifestyle_core_2069,Daily Style,13593,716,13,0,2,0.2,False,2.69,5.27,0.509,lifestyle,37.63,26.1
@anime_nova_2070,Global Anime,836,275,7,0,1,1.97,False,3.97,32.92,0.0,anime,57,57.0
@business_core_2071,Alpha Market,32876,7283,222,0,67,3.48,False,4.88,22.16,0.028,business,55,54.1
@gaming_bright_2072,Peak Arena,8246,2370,67,18,17,0.58,True,3.88,28.75,0.034,gaming,72,70.5
@business_quiet_2073,Prime Capital,6755,2733,89,0,24,2.81,False,4.46,40.47,0.039,business,62,60.5
@education_quiet_2074,Daily Course,3402,1086,26,0,9,1.66,False,4.04,31.95,0.05,education,60,58.2
@gaming_global_2075,Daily Esports,2456,646,19,0,5,1.12,False,4.62,26.33,0.088,gaming,55,52.1
@crypto_alpha_2076,Global Chain,216,64,0,0,0,2.3,False,1.93,29.78,0.047,crypto,47,45.7
@education_quiet_2077,Insider Learn,2902,1050,18,3,6,3.0,True,2.9,36.19,0.087,education,70,66.3
@news_vivid_2078,Prime Digest,18740,5414,89,0,33,2.77,False,2.52,28.89,0.055,news,60,58.0
@lifestyle_vivid_2079,Core Living,1209,467,13,4,3,0.98,True,5.02,38.65,0.048,lifestyle,70,68.0
@tech_urban_2080,Nova AI,8950,2527,81,0,18,2.63,False,4.43,28.24,0.002,tech,57,56.9
@sports_daily_2081,Neon Sports,20237,5003,87,24,33,0.98,True,2.72,24.72,0.035,sports,75,73.4
@education_daily_2082,Prime Academy,13667,3132,68,0,21,3.08,False,3.15,22.92,0.016,education,55,54.5
@business_peak_2083,Peak Money,936,251,6,0,1,0.43,False,4.04,26.91,0.039,business,42,41.0
@entertainment_peak_2084,Bright Vibes,8284,1757,6,0,2,10.4,False,0.7,21.21,0.012,entertainment,32,31.8
@tech_quiet_2085,Bright Tech,21684,4044,26,0,5,0.12,False,0.9,18.65,0.038,tech,30,29.3
@crypto_open_2086,Quiet DeFi,2224,1023,35,0,12,0.63,False,5.97,46.03,0.119,crypto,60,55.7
@gaming_nova_2087,Neon Games,551,197,2,0,0,1.85,False,1.86,35.93,0.112,gaming,52,48.5
@lifestyle_prime_2088,Global Style,12488,3181,88,15,22,39.4,True,4.48,25.47,0.102,lifestyle,65,61.0
@news_neon_2089,Bright News,21736,5067,76,0,26,30.1,False,2.24,23.31,0.091,news,45,42.5
@crypto_peak_2090,Prime Coins,261,85,2,0,0,2.11,True,4.82,32.59,0.0,crypto,57,57.0
@politics_smart_2091,Daily Policy,3792,1637,34,0,5,1.57,False,2.91,43.18,0.073,politics,60,57.4
@gacha_vivid_2092,Prime Gacha,5970,1462,7,0,1,0.1,False,0.73,24.49,0.125,gacha,32,29.6
@gaming_core_2093,Smart Esports,2531,600,0,0,0,0.02,False,0.2,23.72,0.025,gaming,24.0,23.6
@health_alpha_2094,Daily Wellness,3683,1043,36,0,9,0.16,False,6.03,28.34,0.034,health,45,44.1
@crypto_nova_2095,Neon Crypto,1123,306,6,0,2,2.04,False,3.11,27.32,0.019,crypto,55,54.4
@music_daily_2096,Insider Music,1396,473,9,0,1,3.06,False,2.57,33.9,0.055,music,55,53.2
@crypto_neon_2097,Insider Coins,7027,2129,50,9,16,0.07,True,3.69,30.31,0.053,crypto,62,60.0
@business_quiet_2098,Alpha Market,2993,798,0,0,0,4.02,False,0.1,26.68,0.061,business,32.0,30.8
@education_nova_2099,Insider Course,17756,2954,113,24,33,3.73,True,5.46,16.64,0.092,education,75,70.9
@business_global_2100,Neon Market,772,287,13,4,2,1.08,True,6.74,37.19,0.049,business,72,69.9
@politics_global_2101,Neon Politics,15358,2290,68,21,13,1.4,True,4.08,14.92,0.064,politics,75,72.1
@health_prime_2102,Core Health,4615,1637,28,0,8,1.87,False,2.54,35.48,0.003,health,60,59.9
@gaming_prime_2103,Vivid Arena,545,138,3,0,0,0.29,True,3.99,25.42,0.052,gaming,42,40.7
@entertainment_peak_2104,Core Fun,79392,10940,371,0,63,2.18,False,5.05,13.78,0.096,entertainment,62,58.4
@crypto_neon_2105,Peak Crypto,747,255,5,1,0,0.16,True,3.27,34.17,0.006,crypto,52,51.8
@crypto_daily_2106,Bright Chain,20523,4595,80,28,25,2.14,True,2.82,22.39,0.041,crypto,80,78.0
@business_daily_2107,Neon Capital,1210,520,9,0,2,11.8,False,3.03,42.99,0.117,business,45,41.8
@education_open_2108,Peak Academy,1577,556,27,4,7,0.2,True,6.85,35.29,0.031,education,65,63.8
@lifestyle_insider_2109,Alpha Home,4218,1078,9,2,3,0.03,True,1.37,25.57,0.052,lifestyle,45,43.6
@gacha_neon_2110,Peak OC,59413,4059,42,0,13,2.63,False,1.78,6.83,0.0,gacha,45.42,45.4
@entertainment_alpha_2111,Bright Memes,6534,2384,0,0,0,3.12,False,0.05,36.49,0.087,entertainment,38.0,36.0
@business_urban_2112,Insider Capital,137,31,0,0,0,13.7,False,1.91,22.97,0.083,business,32,30.4
@news_global_2113,Vivid News,30274,7078,189,0,67,0.63,False,4.12,23.38,0.046,news,55,53.5
@lifestyle_alpha_2114,Quiet Style,13936,2745,48,19,18,0.8,True,2.92,19.7,0.105,lifestyle,70,65.6
@health_daily_2115,Vivid Fit,785,370,6,1,1,2.52,True,2.94,47.17,0.011,health,67,66.6
@tech_vivid_2116,Urban Tech,160325,11162,17,0,5,2.02,False,0.24,6.96,0.768,tech,38.28,20.6
@business_alpha_2117,Peak Market,8172,2938,43,0,18,2.94,False,2.69,35.95,0.04,business,62,60.5
@news_bright_2118,Open Wire,122,52,1,0,0,0.19,False,5.6,43.32,0.057,news,47,45.4
@crypto_open_2119,Quiet DeFi,3305,792,21,0,6,1.96,False,3.68,23.97,0.021,crypto,55,54.3
@crypto_nova_2120,Neon DeFi,100,36,0,0,0,3.04,False,2.77,36.34,0.028,crypto,52,51.1
@news_prime_2121,Core Digest,494,147,2,0,0,0.53,True,3.17,29.93,0.034,news,47,46.0
@news_daily_2122,Urban Report,4733,1431,43,14,15,1.11,True,5.49,30.25,0.028,news,85,83.6
@news_global_2123,Insider Wire,36349,11848,205,74,74,0.1,True,2.71,32.6,0.048,news,70,68.0
@sports_core_2124,Open Arena,5776,466,2,1,0,2.95,True,0.98,8.07,0.606,sports,46.04,29.3
@sports_quiet_2125,Urban Arena,1540,361,8,1,3,1.29,True,4.12,23.45,0.02,sports,65,64.2
@crypto_alpha_2126,Neon DeFi,712,310,10,0,2,2.82,False,4.67,43.67,0.095,crypto,57,53.8
@gaming_daily_2127,Insider Games,10977,2722,97,0,13,3.31,False,4.92,24.8,0.061,gaming,55,53.0
@crypto_core_2128,Peak Crypto,15404,2552,126,0,18,0.94,False,7.11,16.57,0.042,crypto,55,53.6
@business_smart_2129,Nova Market,10823,2958,30,9,7,1.75,True,1.47,27.33,0.061,business,70,67.4
@politics_quiet_2130,Open Policy,702,264,4,1,1,2.03,True,3.02,37.73,0.028,politics,67,65.9
@business_global_2131,Quiet Market,4634,1135,29,0,10,1.79,False,4.28,24.5,0.0,business,55,55.0
@business_nova_2132,Core Money,46213,13552,192,39,65,13.6,True,2.26,29.33,0.074,business,65,62.1
@politics_prime_2133,Nova Forum,6875,2144,72,12,28,0.07,True,5.62,31.2,0.039,politics,72,70.3
@business_neon_2134,Nova Ventures,2487,693,14,0,3,3.03,False,3.68,27.89,0.083,business,50,47.5
@education_neon_2135,Global Learn,12879,3641,142,32,27,3.15,True,5.4,28.27,0.067,education,80,76.8
@health_neon_2136,Neon Fit,25392,1374,23,5,7,1.01,True,2.8,5.41,0.456,health,57.71,41.9
@politics_quiet_2137,Vivid Forum,8503,2235,35,0,6,2.64,False,2.48,26.29,0.0,politics,57,57.0
@news_nova_2138,Core Digest,14088,4312,40,6,7,1.32,True,1.41,30.61,0.089,news,75,71.0
@sports_nova_2139,Open Match,2582,720,16,4,3,2.73,True,3.4,27.91,0.09,sports,65,61.5
@news_daily_2140,Vivid News,9524,2205,101,0,31,0.16,False,6.18,23.15,0.039,news,47,45.9
@sports_open_2141,Core Sports,22391,5256,89,0,18,0.06,False,2.81,23.48,0.037,sports,45,44.0
@business_neon_2142,Prime Capital,2550,537,8,1,2,2.86,True,2.48,21.1,0.068,business,65,62.3
@crypto_smart_2143,Quiet Coins,8746,1002,16,0,3,0.58,False,2.44,11.46,0.038,crypto,47,45.9
@tech_open_2144,Insider Code,8389,2221,30,0,10,2.04,False,2.34,26.48,0.056,tech,57,55.1
@business_bright_2145,Daily Market,7549,2562,61,0,15,1.39,False,3.48,33.95,0.045,business,62,60.3
@news_smart_2146,Nova Report,6969,1512,36,0,8,0.0,False,4.35,21.7,0.027,news,42,41.3
@education_global_2147,Neon Course,1344,463,19,0,5,2.55,False,5.74,34.45,0.073,education,65,62.1
@business_peak_2148,Nova Capital,2782,1221,45,0,7,1.18,False,4.97,43.91,0.098,business,60,56.5
@music_nova_2149,Nova Tracks,11761,3011,98,31,14,0.51,True,4.68,25.61,0.027,music,75,73.8
@tech_quiet_2150,Alpha Tech,12283,3198,34,13,11,1.72,True,1.79,26.04,0.124,tech,75,69.4
@sports_insider_2151,Peak League,11913,4130,82,14,20,1.5,True,3.29,34.67,0.075,sports,85,81.2
@health_vivid_2152,Quiet Health,3638,653,15,2,2,1.79,True,3.7,17.96,0.035,health,60,58.8
@news_open_2153,Smart News,1139,485,0,0,0,3.16,False,0.22,42.65,0.061,news,39.4,37.9
@education_open_2154,Daily Learn,5457,1299,27,6,9,0.09,True,3.09,23.81,0.059,education,57,55.0
@music_smart_2155,Bright Tracks,3356,1461,87,0,25,2.24,False,8.19,43.54,0.0,music,65,65.0
@anime_vivid_2156,Insider Otaku,17114,938,5,2,1,3.01,True,1.02,5.48,0.538,anime,47.74,32.3
@tech_alpha_2157,Daily Dev,36100,8342,52,0,13,1.28,False,0.87,23.11,0.06,tech,50,48.2
@education_urban_2158,Vivid Lessons,1263,221,8,0,2,1.67,False,5.17,17.55,0.003,education,55,54.9
@music_alpha_2159,Nova Music,3877,1554,23,8,7,1.84,True,2.65,40.1,0.067,music,75,72.0
@lifestyle_nova_2160,Daily Living,18482,3688,77,0,10,0.43,False,2.84,19.96,0.13,lifestyle,45,41.5
@gaming_smart_2161,Smart Arena,507,208,5,1,1,3.01,True,4.02,41.08,0.077,gaming,62,59.1
@crypto_vivid_2162,Urban DeFi,1038,69,0,0,0,0.31,True,0.03,6.72,0.485,crypto,13.96,9.9
@sports_neon_2163,Alpha Arena,1499,608,29,0,5,1.49,False,6.59,40.6,0.0,sports,65,65.0
@crypto_alpha_2164,Bright Crypto,4083,736,10,0,3,0.98,False,2.42,18.03,0.065,crypto,45,43.2
@health_daily_2165,Daily Fit,11961,1890,25,10,4,2.32,True,2.41,15.81,0.065,health,70,67.3
@gaming_prime_2166,Prime Games,22547,6187,75,0,23,2.84,False,1.75,27.44,0.02,gaming,55,54.4
@politics_insider_2167,Open Forum,6432,512,15,0,3,0.11,False,4.16,7.97,0.3,politics,30.99,25.4
@lifestyle_prime_2168,Global Style,1608,452,12,0,4,0.02,False,4.28,28.14,0.073,lifestyle,40,38.3
@tech_daily_2169,Nova AI,171,40,1,0,0,2.49,True,4.95,23.83,0.025,tech,52,51.2
@gaming_global_2170,Vivid Esports,1957,557,32,0,6,3.78,False,8.27,28.51,0.009,gaming,55,54.7
@business_insider_2171,Smart Ventures,170,38,0,0,0,1.97,False,0.06,22.9,0.041,business,33.2,32.4
@tech_bright_2172,Alpha Code,9046,2637,63,15,15,1.02,True,3.52,29.16,0.045,tech,77,74.9
@education_prime_2173,Peak Academy,1195,171,2,0,0,0.2,False,2.38,14.38,0.465,education,40,28.8
@music_open_2174,Prime Beats,2794,906,35,0,9,1.99,False,6.84,32.46,0.032,music,65,63.7
@sports_nova_2175,Global Sports,992,328,9,2,2,3.21,True,4.51,33.16,0.008,sports,62,61.7
@anime_open_2176,Neon Sakura,4067,1158,37,0,7,1.11,False,4.9,28.47,0.074,anime,55,52.6
@crypto_neon_2177,Daily Crypto,2142,766,28,0,5,0.2,False,5.43,35.8,0.08,crypto,55,52.3
@tech_smart_2178,Smart Dev,2395,212,3,0,0,0.34,False,2.54,8.87,0.436,tech,34.44,25.4
@crypto_daily_2179,Urban DeFi,576,185,11,2,3,2.13,True,9.95,32.28,0.043,crypto,72,70.2
@tech_open_2180,Alpha Tech,18924,3947,92,19,25,2.62,True,3.32,20.86,0.0,tech,80,80.0
@business_alpha_2181,Alpha Capital,5437,1802,14,0,6,2.15,False,1.47,33.15,0.0,business,57,57.0
@business_quiet_2182,Daily Capital,19201,2580,44,0,14,2.95,False,2.5,13.44,0.021,business,55,54.3
@education_neon_2183,Neon Lessons,14319,3452,77,0,15,1.8,False,3.09,24.11,0.048,education,60,58.3
@music_smart_2184,Peak Sound,3201,1019,20,0,5,23.6,False,2.83,31.86,0.022,music,45,44.4
@health_urban_2185,Neon Care,712,226,7,0,1,0.2,False,4.93,31.84,0.063,health,47,45.2
@entertainment_prime_2186,Daily Fun,2072,828,13,2,1,1.71,True,2.35,39.99,0.103,entertainment,70,65.7
@music_vivid_2187,Alpha Tracks,9472,2768,69,0,25,1.27,False,4.05,29.22,0.072,music,57,54.5
@education_daily_2188,Daily Course,170120,24650,10,0,2,0.05,False,0.06,14.49,0.09,education,26.2,24.8
@business_urban_2189,Neon Money,12482,2232,87,0,17,3.3,False,5.9,17.89,0.026,business,55,54.1
@politics_daily_2190,Quiet Policy,5482,2043,21,0,4,1.97,False,1.6,37.27,0.054,politics,57,55.2
@news_peak_2191,Neon Report,11678,523,8,2,2,0.3,True,2.67,4.49,0.436,news,47.24,34.9
@lifestyle_nova_2192,Nova Living,31278,10894,65,0,13,1.19,False,0.83,34.83,0.007,lifestyle,55,54.8
@anime_peak_2193,Smart Otaku,646,211,4,1,0,2.52,True,3.18,32.76,0.138,anime,67,61.5
@politics_neon_2194,Neon Debate,16320,5121,76,13,12,3.87,True,2.18,31.38,0.012,politics,80,79.4
@sports_open_2195,Neon League,47197,2954,41,0,10,0.89,False,1.93,6.26,0.626,sports,38.13,23.8
@education_core_2196,Vivid Lessons,855,261,5,0,1,2.12,False,2.82,30.61,0.051,education,57,55.3
@news_smart_2197,Vivid Wire,3366,1237,12,0,2,2.43,False,1.39,36.77,0.022,news,55,54.3
@tech_smart_2198,Quiet AI,4164,1443,41,0,9,2.57,False,4.34,34.66,0.078,tech,60,57.2
@health_open_2199,Nova Wellness,11716,3705,94,19,27,0.02,True,3.42,31.63,0.052,health,70,67.8
@gaming_vivid_2200,Neon Quest,10885,2363,35,0,9,2.72,False,2.44,21.71,0.0,gaming,60,60.0
@crypto_urban_2201,Prime Coins,37051,9698,93,18,31,3.14,True,1.6,26.18,0.065,crypto,70,67.3
@sports_global_2202,Core Arena,55024,10767,141,49,55,2.37,True,2.25,19.57,0.074,sports,77,73.6
@education_alpha_2203,Alpha Learn,316,99,1,0,0,1.24,True,2.42,31.41,0.038,education,57,55.7
@business_peak_2204,Vivid Money,2038,985,19,0,4,2.66,False,3.11,48.38,0.043,business,60,58.5
@health_vivid_2205,Smart Fit,1839,549,18,0,5,1.56,False,4.65,29.89,0.063,health,55,52.9
@anime_core_2206,Urban Otaku,736,173,3,0,1,0.96,True,2.68,23.62,0.114,anime,47,43.8
@health_daily_2207,Quiet Wellness,2444,1272,0,0,0,1.91,False,0.06,52.06,0.04,health,46.2,45.1
@health_bright_2208,Core Fit,18939,4181,107,0,20,2.49,False,4.15,22.08,0.051,health,60,58.2
@education_prime_2209,Global Course,907,62,0,0,0,0.03,False,1.27,6.88,0.667,education,20.44,12.3
@business_open_2210,Alpha Market,22423,7729,226,0,75,1.5,False,4.16,34.47,0.0,business,65,65.0
@music_open_2211,Global Beats,13137,3729,200,64,41,0.16,True,7.57,28.39,0.042,music,70,68.2
@entertainment_bright_2212,Urban Fun,242,77,2,0,1,2.2,True,5.25,31.98,0.078,entertainment,62,59.1
@news_alpha_2213,Bright Report,31184,6503,91,25,20,14.0,True,1.9,20.85,0.106,news,60,56.2
@business_quiet_2214,Bright Market,2316,482,7,3,1,2.24,True,2.96,20.82,0.1,business,65,61.1
@news_vivid_2215,Quiet News,100,5,0,0,0,0.78,True,1.44,5.86,0.632,news,29.93,18.6
@sports_peak_2216,Alpha Arena,2719,876,14,0,4,0.14,False,2.71,32.23,0.067,sports,45,43.2
@news_global_2217,Quiet Report,5916,2277,55,19,16,1.57,True,3.5,38.5,0.088,news,82,77.7
@gaming_core_2218,Quiet Esports,129058,23234,660,107,176,2.5,True,3.86,18.0,0.063,gaming,80,77.0
@education_quiet_2219,Neon Learn,9505,1787,40,0,14,20.0,False,3.41,18.81,0.047,education,37,36.0
@news_urban_2220,Nova News,5533,1370,21,8,7,2.82,True,2.59,24.77,0.107,news,72,67.4
@lifestyle_open_2221,Open Living,5618,1176,27,0,9,1.97,False,3.47,20.94,0.077,lifestyle,57,54.4
@business_daily_2222,Peak Market,4978,1721,40,9,7,12.4,True,3.96,34.58,0.111,business,60,56.0
@news_core_2223,Smart Wire,198,50,2,0,0,1.65,True,7.16,25.46,0.0,news,57,57.0
@entertainment_open_2224,Urban Fun,1096,263,6,1,1,0.7,True,3.43,24.03,0.036,entertainment,60,58.7
@tech_insider_2225,Daily AI,405,166,3,0,1,1.69,True,3.29,41.05,0.0,tech,57,57.0
@politics_insider_2226,Global Politics,279,13,0,0,0,1.84,True,0.04,4.88,0.458,politics,20.24,14.7
@news_peak_2227,Daily Wire,80609,21739,12,3,2,1.65,True,0.1,26.97,0.058,news,54.0,52.1
@crypto_urban_2228,Insider Coins,15513,7561,275,98,62,1.69,True,5.85,48.75,0.077,crypto,90,85.9
@gacha_global_2229,Global Club,36318,8321,189,47,66,1.13,True,3.36,22.91,0.048,gacha,80,77.7
@business_neon_2230,Nova Ventures,3061,1040,49,0,9,2.46,False,7.25,34.0,0.006,business,65,64.8
@lifestyle_smart_2231,Core Living,20661,2278,13,0,3,1.85,False,1.07,11.03,0.667,lifestyle,50,30.0
@business_daily_2232,Core Market,1139,471,1,0,0,3.47,False,0.43,41.44,0.098,business,43.6,41.0
@lifestyle_urban_2233,Alpha Living,1867,710,13,0,2,2.21,False,3.21,38.06,0.053,lifestyle,60,58.1
@gaming_urban_2234,Smart Quest,89821,19051,388,110,80,2.02,True,3.22,21.21,0.003,gaming,82,81.9
@music_alpha_2235,Quiet Music,799,449,21,0,3,1.15,False,6.98,56.29,0.012,music,67,66.5
@gacha_open_2236,Urban GLMV,3941,1463,44,6,8,2.36,True,4.34,37.13,0.0,gacha,75,75.0
@business_quiet_2237,Vivid Money,9579,2558,78,0,33,1.54,False,5.31,26.71,0.021,business,62,61.2
@crypto_insider_2238,Daily Coins,6164,1309,31,9,6,1.9,True,3.91,21.25,0.023,crypto,72,71.0
@crypto_open_2239,Global DeFi,1145,168,0,0,0,1.37,False,0.02,14.76,0.736,crypto,30.4,17.0
@education_global_2240,Vivid Learn,749,318,3,1,1,2.83,True,2.12,42.58,0.118,education,67,62.3
@crypto_neon_2241,Daily Crypto,59164,5858,101,0,19,2.9,False,2.97,9.9,0.021,crypto,51.95,51.3
@lifestyle_insider_2242,Core Living,16239,4531,110,0,21,1.06,False,3.91,27.91,0.029,lifestyle,60,59.0
@politics_quiet_2243,Global Forum,11423,3230,103,23,30,2.53,True,4.39,28.28,0.022,politics,80,78.9
@crypto_peak_2244,Urban Crypto,817,300,10,0,2,0.46,False,5.32,36.81,0.02,crypto,52,51.4
@business_open_2245,Open Capital,16849,4350,134,0,41,2.35,False,4.7,25.82,0.0,business,60,60.0
@gaming_peak_2246,Prime Games,9833,2074,41,0,14,0.74,False,3.31,21.09,0.024,gaming,52,51.3
@entertainment_nova_2247,Insider Vibes,9510,2110,16,0,5,0.27,False,1.1,22.19,0.022,entertainment,42,41.4
@news_core_2248,Bright Report,3417,532,17,4,4,17.3,True,4.47,15.58,0.071,news,45,43.1
@sports_global_2249,Daily League,1279,329,8,0,1,2.82,False,4.48,25.73,0.13,sports,55,50.7
@entertainment_neon_2250,Quiet Fun,65562,15836,274,54,69,1.03,True,2.58,24.16,0.056,entertainment,82,79.2
@education_urban_2251,Prime Course,3733,950,29,0,5,0.14,False,4.3,25.45,0.004,education,40,39.9
@movies_alpha_2252,Global Reel,40014,7380,88,0,28,1.12,False,1.78,18.44,0.059,movies,50,48.2
@news_urban_2253,Nova News,3832,919,28,7,8,0.01,True,5.05,24.0,0.0,news,60,60.0
@lifestyle_quiet_2254,Nova Living,2837,1169,35,14,8,0.41,True,5.16,41.22,0.016,lifestyle,75,74.3
@lifestyle_peak_2255,Core Living,1445,528,14,4,4,1.8,True,4.63,36.6,0.021,lifestyle,70,69.1
@movies_smart_2256,Core Screen,2407,651,5,0,1,0.21,False,1.24,27.08,0.168,movies,40,36.0
@politics_neon_2257,Daily Politics,2454,606,12,0,3,2.0,False,3.76,24.71,0.025,politics,55,54.2
@sports_vivid_2258,Nova League,759,247,7,1,2,1.75,True,4.01,32.57,0.023,sports,67,66.1
@tech_insider_2259,Prime AI,5437,785,11,2,2,3.37,True,2.09,14.44,0.014,tech,57,56.5
@politics_peak_2260,Core Policy,47409,14685,133,0,34,1.59,False,1.48,30.98,0.084,politics,60,57.0
@politics_peak_2261,Smart Politics,2496,748,25,0,7,3.15,False,5.2,29.97,0.028,politics,55,54.1
@lifestyle_vivid_2262,Global Travel,1219,279,4,0,1,22.7,True,2.21,22.91,0.002,lifestyle,40,40.0
@news_peak_2263,Open Report,10893,3420,88,0,14,2.3,False,3.52,31.4,0.056,news,65,62.8
@crypto_prime_2264,Daily Crypto,3452,1427,23,0,7,0.08,False,2.67,41.36,0.059,crypto,45,43.4
@news_open_2265,Core Report,1645,471,11,1,3,2.02,True,3.28,28.68,0.068,news,65,62.4
@crypto_smart_2266,Smart DeFi,1173,326,15,0,2,3.89,False,6.5,27.87,0.0,crypto,55,55.0
@health_smart_2267,Nova Health,100,6,0,0,0,25.4,False,2.69,6.9,0.412,health,25.45,19.2
@health_core_2268,Neon Care,1223,324,2,0,0,0.8,False,1.1,26.52,0.114,health,45,41.9
@music_nova_2269,Insider Tracks,25438,7129,289,0,58,0.16,False,5.88,28.03,0.013,music,50,49.6
@sports_vivid_2270,Insider Sports,17837,4641,112,21,28,2.72,True,4.27,26.02,0.083,sports,80,76.0
@entertainment_quiet_2271,Insider Fun,438,209,5,0,1,0.13,False,3.77,47.88,0.043,entertainment,42,40.9
@crypto_daily_2272,Nova Coins,68014,15290,374,0,114,1.44,False,3.75,22.48,0.118,crypto,62,57.6
@education_global_2273,Insider Learn,2893,894,19,0,6,1.9,False,3.94,30.91,0.0,education,60,60.0
@lifestyle_prime_2274,Quiet Home,54186,11038,113,43,40,1.25,True,1.64,20.37,0.028,lifestyle,77,75.7
@politics_smart_2275,Alpha Forum,6339,2559,48,15,12,3.37,True,3.03,40.38,0.019,politics,77,76.1
@health_prime_2276,Bright Health,12828,5123,88,15,28,0.2,True,2.91,39.94,0.053,health,75,72.6
@health_daily_2277,Alpha Health,257,51,0,0,0,1.7,False,2.23,20.13,0.123,health,52,48.2
@tech_peak_2278,Neon AI,733,233,5,0,1,3.72,True,3.51,31.8,0.047,tech,52,50.5
@crypto_insider_2279,Open Crypto,3851,806,14,0,4,0.42,False,2.94,20.94,0.048,crypto,45,43.7
@tech_bright_2280,Nova Code,1040,310,14,2,3,0.14,True,6.25,29.87,0.008,tech,55,54.7
@sports_alpha_2281,Core Sports,3746,1436,22,0,6,2.38,False,2.36,38.35,0.014,sports,60,59.5
@movies_global_2282,Insider Films,12220,3798,88,24,19,2.27,True,4.04,31.08,0.0,movies,85,85.0
@education_core_2283,Peak Academy,9398,1854,47,16,7,3.16,True,3.79,19.74,0.058,education,67,64.7
@news_open_2284,Bright Digest,5937,1602,16,0,3,2.15,False,1.43,26.99,0.08,news,52,49.5
@lifestyle_alpha_2285,Urban Home,16848,4272,77,21,18,1.87,True,3.12,25.36,0.024,lifestyle,80,78.8
@music_alpha_2286,Peak Beats,735,208,2,0,0,2.8,True,1.97,28.34,0.0,music,47,47.0
@sports_bright_2287,Urban Sports,1306,379,12,0,1,2.77,False,4.67,29.03,0.133,sports,55,50.6
@health_bright_2288,Bright Wellness,40423,15494,42,10,13,0.4,True,0.42,38.33,0.053,health,58.4,56.6
@entertainment_quiet_2289,Vivid Fun,552,216,8,1,2,0.56,True,6.19,39.28,0.087,entertainment,67,63.5
@music_daily_2290,Bright Beats,3731,1097,34,12,12,4.06,True,5.2,29.41,0.046,music,75,72.9
@tech_urban_2291,Smart Tech,19755,3618,79,14,27,1.35,True,3.6,18.32,0.054,tech,75,72.6
@news_daily_2292,Global News,420,204,6,0,1,3.5,False,4.47,48.8,0.078,news,52,49.6
@crypto_urban_2293,Smart Chain,6910,282,1,0,0,4.35,False,0.75,4.08,0.697,crypto,29.04,16.9
@crypto_daily_2294,Vivid Coins,3402,922,27,0,5,1.77,False,4.1,27.12,0.025,crypto,55,54.2
@tech_quiet_2295,Global Code,348,116,1,0,0,0.8,True,2.71,33.49,0.072,tech,52,49.8
@entertainment_vivid_2296,Alpha Laughs,5464,2006,42,0,9,2.94,False,3.03,36.72,0.005,entertainment,62,61.8
@business_nova_2297,Bright Capital,1309,457,10,2,3,0.2,True,3.52,34.94,0.072,business,60,57.4
@news_insider_2298,Prime Wire,4723,1673,48,0,9,0.2,False,4.19,35.44,0.045,news,50,48.7
@music_open_2299,Vivid Beats,517,106,0,0,0,3.07,False,0.39,20.69,0.044,music,34.8,33.9
@crypto_core_2300,Nova Chain,2778,948,3,0,1,0.22,False,0.68,34.13,0.061,crypto,40,38.5
@lifestyle_core_2301,Quiet Style,2266,786,22,0,3,0.2,False,4.17,34.69,0.007,lifestyle,50,49.8
@crypto_prime_2302,Bright Chain,7533,685,9,0,1,2.31,False,2.14,9.11,0.612,crypto,46.55,29.5
@crypto_daily_2303,Urban Coins,3881,1383,0,0,0,0.2,False,0.05,35.65,0.125,crypto,31.0,28.7
@anime_quiet_2304,Neon Manga,210,70,1,0,0,0.88,True,3.09,33.41,0.012,anime,52,51.6
@entertainment_nova_2305,Insider Vibes,18842,1875,16,2,5,2.11,True,1.38,9.96,0.478,entertainment,54.98,39.2
@business_global_2306,Smart Market,6292,1665,45,8,14,2.1,True,3.68,26.46,0.061,business,72,69.3
@education_bright_2307,Vivid Lessons,3730,421,5,1,1,2.58,True,1.93,11.31,0.527,education,55,37.6
@health_bright_2308,Urban Wellness,16929,2521,0,0,0,0.15,True,0.05,14.89,0.0,health,21.0,21.0
@music_peak_2309,Vivid Tracks,35723,10026,37,0,9,0.85,False,0.52,28.07,0.095,music,45,42.4
@health_alpha_2310,Bright Wellness,399,177,0,0,0,4.66,True,0.28,44.5,0.073,health,37.6,35.9
@news_vivid_2311,Peak Digest,9905,444,2,0,0,4.42,False,0.87,4.49,0.705,news,29.24,16.9
@news_global_2312,Bright Wire,286,95,3,0,0,0.2,True,4.92,33.54,0.137,news,47,43.1
@news_global_2313,Quiet Report,17786,3240,33,0,9,2.05,False,1.6,18.22,0.082,news,50,47.5
@health_core_2314,Smart Fit,70370,16959,365,129,107,0.64,True,3.09,24.1,0.037,health,77,75.3
@lifestyle_daily_2315,Smart Style,467,157,2,0,0,36.0,True,2.63,33.74,0.015,lifestyle,42,41.6
@crypto_global_2316,Smart Chain,1009,385,14,0,3,28.5,False,6.41,38.18,0.043,crypto,50,48.7
@business_urban_2317,Insider Capital,23384,5684,119,0,24,3.13,False,2.97,24.31,0.032,business,55,53.9
@tech_core_2318,Urban AI,9994,4064,73,15,14,1.76,True,3.22,40.67,0.066,tech,82,78.8
@politics_global_2319,Open Debate,2094,780,9,1,3,2.65,True,1.83,37.29,0.104,politics,65,60.9
@music_insider_2320,Alpha Beats,45295,18982,381,0,66,1.91,False,2.69,41.91,0.051,music,65,63.0
@gaming_nova_2321,Insider Games,1767,287,7,0,1,2.21,False,3.76,16.28,0.045,gaming,50,48.6
@tech_peak_2322,Urban Code,810,405,6,0,2,1.57,False,2.52,50.08,0.035,tech,62,60.7
@politics_global_2323,Global Politics,465,131,2,0,0,0.07,False,2.85,28.38,0.011,politics,37,36.7
@tech_open_2324,Urban Dev,4122,1920,27,7,4,1.5,True,2.22,46.59,0.028,tech,75,73.7
@news_quiet_2325,Prime Digest,100,10,0,0,0,0.84,False,6.68,10.45,0.045,news,47,45.7
@crypto_smart_2326,Insider Coins,7896,2557,92,0,28,1.89,False,4.93,32.39,0.042,crypto,62,60.4
@sports_urban_2327,Open Sports,14927,3610,1,0,0,0.63,True,0.05,24.19,0.091,sports,36.0,34.0
@crypto_global_2328,Quiet Coins,2502,823,16,5,7,2.6,True,3.68,32.9,0.026,crypto,70,68.9
@lifestyle_bright_2329,Core Home,4589,1406,35,8,8,2.22,True,3.72,30.65,0.006,lifestyle,75,74.7
@education_peak_2330,Daily Academy,47706,15935,409,87,78,2.71,True,3.56,33.4,0.0,education,85,85.0
@news_daily_2331,Core Wire,12033,3193,1,0,0,1.09,False,0.05,26.54,0.04,news,41.0,40.0
@lifestyle_daily_2332,Vivid Travel,2345,1265,20,7,8,2.6,True,2.6,53.95,0.07,lifestyle,80,76.6
@music_core_2333,Global Sound,868,111,0,0,0,12.6,False,0.66,12.82,0.636,music,22,13.6
@tech_open_2334,Smart AI,5078,525,16,0,4,0.23,False,4.45,10.35,0.0,tech,42,42.0
@news_urban_2335,Smart News,14459,2734,45,0,17,2.19,False,2.82,18.91,0.008,news,55,54.7
@politics_bright_2336,Daily Debate,2147,730,3,1,1,0.85,True,0.88,34.01,0.041,politics,55,53.6
@crypto_core_2337,Bright Coins,15654,3689,27,0,8,2.1,False,1.23,23.57,0.096,crypto,55,51.8
@politics_nova_2338,Alpha Policy,11406,4432,70,0,14,3.24,False,2.11,38.86,0.054,politics,60,58.1
@entertainment_core_2339,Peak Memes,968,410,9,0,2,2.67,False,3.47,42.42,0.049,entertainment,57,55.3
@crypto_neon_2340,Quiet Crypto,14042,2669,54,9,18,0.1,True,2.76,19.01,0.093,crypto,55,51.9
@lifestyle_urban_2341,Open Style,1510,478,14,0,3,1.81,False,4.2,31.67,0.007,lifestyle,60,59.7
@crypto_daily_2342,Prime DeFi,4874,1400,82,20,22,4.01,True,8.62,28.72,0.0,crypto,75,75.0
@lifestyle_vivid_2343,Vivid Home,796,294,5,1,2,1.14,True,3.11,37.02,0.026,lifestyle,67,66.0
@sports_daily_2344,Daily Sports,140,39,0,0,0,18.5,False,1.34,28.47,0.075,sports,32,30.6
@news_peak_2345,Vivid Report,6616,833,5,1,1,2.55,True,1.01,12.59,0.823,news,57,28.8
@tech_nova_2346,Smart AI,55115,7694,270,0,88,2.01,False,6.17,13.96,0.118,tech,62,57.6
@music_core_2347,Nova Beats,3272,1090,19,3,3,3.46,True,3.0,33.34,0.039,music,65,63.5
@politics_prime_2348,Open Politics,8746,3397,59,0,10,3.72,False,2.85,38.85,0.063,politics,57,54.8
@news_open_2349,Alpha Report,441,25,0,0,0,2.49,False,1.02,5.68,0.77,news,34.84,18.7
@tech_core_2350,Peak Code,6387,1775,67,0,17,1.87,False,6.03,27.8,0.079,tech,62,59.1
@business_daily_2351,Insider Market,1679,403,24,3,4,3.28,True,8.33,24.0,0.061,business,65,62.6
@lifestyle_global_2352,Alpha Travel,4234,750,15,0,6,1.68,False,3.39,17.73,0.026,lifestyle,50,49.2
@anime_alpha_2353,Prime Otaku,3645,1133,21,4,6,0.95,True,3.03,31.11,0.0,anime,65,65.0
@news_smart_2354,Urban Report,821,175,5,0,1,1.69,True,4.23,21.39,0.067,news,52,49.9
@tech_vivid_2355,Quiet AI,6609,2393,4,0,1,1.4,False,0.32,36.21,0.049,tech,48.4,47.0
@sports_global_2356,Daily Match,7087,2340,52,0,10,0.2,False,3.3,33.02,0.054,sports,52,50.3
@lifestyle_open_2357,Neon Travel,3811,843,17,4,5,0.06,True,3.31,22.14,0.148,lifestyle,50,45.6
@politics_nova_2358,Core Politics,54916,16255,57,0,9,1.18,False,0.55,29.6,0.011,politics,52,51.7
@entertainment_smart_2359,Core Vibes,9977,2545,0,0,0,2.42,False,0.05,25.52,0.002,entertainment,38.0,38.0
@news_core_2360,Neon Digest,72327,16792,348,0,103,0.67,False,3.05,23.22,0.12,news,57,52.9
@lifestyle_neon_2361,Global Travel,176,45,0,0,0,0.84,False,0.06,25.84,0.052,lifestyle,28.2,27.3
@entertainment_neon_2362,Core Fun,463,160,5,0,1,1.38,False,5.8,34.57,0.0,entertainment,62,62.0
@entertainment_global_2363,Alpha Fun,2585,534,10,3,2,1.75,True,2.7,20.68,0.021,entertainment,65,64.2
@politics_insider_2364,Peak Politics,10524,2664,26,0,9,1.87,False,1.77,25.32,0.074,politics,55,52.6
@business_vivid_2365,Neon Ventures,5372,2026,47,11,17,0.85,True,3.89,37.73,0.029,business,77,75.7
@tech_alpha_2366,Quiet Tech,253,82,2,0,0,1.84,True,4.81,32.47,0.139,tech,57,52.3
@tech_nova_2367,Peak Dev,2430,760,23,0,4,2.67,False,5.05,31.31,0.075,tech,65,62.1
@music_vivid_2368,Quiet Tracks,4956,885,11,0,2,3.24,False,1.91,17.87,0.066,music,40,38.4
@crypto_global_2369,Bright Crypto,257,17,0,0,0,1.98,False,2.65,6.74,0.471,crypto,40.37,29.0
@music_bright_2370,Peak Tracks,23501,4866,88,0,31,2.75,False,2.63,20.71,0.095,music,60,56.6
@health_alpha_2371,Global Fit,7625,2069,48,0,17,0.37,False,4.02,27.14,0.088,health,47,44.5
@education_quiet_2372,Prime Learn,2925,762,19,3,5,1.74,True,3.37,26.05,0.101,education,65,61.1
@movies_quiet_2373,Prime Cinema,3404,627,12,0,4,0.2,False,2.95,18.43,0.054,movies,40,38.7
@tech_core_2374,Neon Tech,7115,2269,45,0,11,2.04,False,3.28,31.9,0.093,tech,62,58.6
@politics_nova_2375,Open Debate,5247,1356,11,2,3,1.85,True,1.35,25.85,0.093,politics,62,58.5
@movies_alpha_2376,Alpha Cinema,20758,5041,182,67,49,2.4,True,6.25,24.29,0.057,movies,85,82.1
@lifestyle_insider_2377,Nova Home,3379,349,0,0,0,0.2,True,0.02,10.34,0.573,lifestyle,20.4,13.4
@crypto_core_2378,Prime Crypto,4101,889,16,5,5,1.29,True,2.67,21.68,0.0,crypto,65,65.0
@tech_prime_2379,Urban Tech,14480,3100,52,20,22,3.24,True,2.95,21.41,0.091,tech,75,70.9
@crypto_open_2380,Alpha Coins,17225,4757,163,39,62,1.11,True,5.8,27.62,0.009,crypto,85,84.5
@sports_bright_2381,Core League,182948,28864,422,0,129,1.78,False,2.29,15.78,0.09,sports,60,56.7
@politics_daily_2382,Nova Debate,401,183,5,0,1,2.04,False,4.45,45.71,0.054,politics,57,55.2
@politics_vivid_2383,Open Debate,2407,708,9,3,3,2.15,True,2.29,29.42,0.047,politics,65,63.2
@health_peak_2384,Smart Wellness,17819,3183,79,0,16,0.58,False,4.23,17.86,0.047,health,50,48.6
@politics_neon_2385,Core Forum,18558,4040,68,24,24,1.36,True,2.98,21.77,0.076,politics,80,76.4
@news_peak_2386,Bright News,11738,2407,16,0,4,1.49,False,1.03,20.51,0.04,news,55,53.7
@education_urban_2387,Neon Learn,3712,837,34,13,7,1.55,True,7.19,22.57,0.051,education,80,77.5
@anime_peak_2388,Global Otaku,13780,3301,73,0,15,0.85,False,3.08,23.96,0.061,anime,55,53.0
@health_peak_2389,Alpha Fit,9115,2474,39,11,7,3.43,True,2.32,27.15,0.126,health,72,66.5
@news_global_2390,Neon News,568,45,0,0,0,29.8,True,2.85,8.07,0.575,news,26.03,17.1
@music_core_2391,Neon Sound,3492,580,7,1,2,1.37,True,1.79,16.62,0.056,music,55,53.1
@news_smart_2392,Core Report,2498,1125,27,9,7,1.1,True,3.48,45.06,0.025,news,75,73.9
@movies_core_2393,Open Cinema,809,230,1,0,0,0.04,True,1.1,28.47,0.157,movies,32,29.0
@entertainment_insider_2394,Core Fun,802,235,3,1,0,0.2,True,2.49,29.38,0.019,entertainment,52,51.4
@tech_vivid_2395,Peak Tech,7537,1606,43,0,11,0.2,False,4.52,21.32,0.007,tech,47,46.8
@lifestyle_peak_2396,Quiet Travel,3436,1435,31,0,7,2.33,False,3.75,41.79,0.0,lifestyle,60,60.0
@health_prime_2397,Vivid Care,2221,600,6,1,1,0.13,True,1.57,27.04,0.0,health,45,45.0
@crypto_alpha_2398,Prime Crypto,1752,386,11,4,2,2.54,True,5.18,22.09,0.12,crypto,70,65.0
@gaming_vivid_2399,Global Esports,1575,665,15,0,3,0.9,False,3.46,42.29,0.0,gaming,55,55.0
@crypto_urban_2400,Quiet Coins,1028,233,1,0,0,0.04,False,1.37,22.76,0.071,crypto,35,33.5
@business_vivid_2401,Daily Money,5345,2273,74,26,12,1.36,True,5.65,42.54,0.051,business,87,84.3
@entertainment_neon_2402,Insider Laughs,7000,1942,68,23,18,2.34,True,5.53,27.75,0.003,entertainment,82,81.8
@sports_core_2403,Nova Sports,4546,916,12,0,4,0.09,False,1.98,20.17,0.061,sports,35,33.7
@crypto_nova_2404,Global Coins,3802,752,4,1,0,2.92,True,0.84,19.79,0.066,crypto,50,48.0
@politics_urban_2405,Vivid Policy,4883,478,4,0,1,2.46,False,1.45,9.79,0.681,politics,39.9,23.6
@gaming_quiet_2406,Alpha Arena,32335,5119,23,0,5,2.1,False,0.63,15.83,0.101,gaming,45,42.3
@entertainment_alpha_2407,Daily Vibes,406,37,0,0,0,2.01,True,1.8,9.19,0.401,entertainment,36.59,27.8
@news_open_2408,Nova News,221,97,3,0,0,38.9,False,5.7,44.0,0.156,news,47,42.6
@lifestyle_global_2409,Neon Home,1104,293,0,0,0,1.48,True,0.06,26.59,0.065,lifestyle,36.2,34.8
@entertainment_quiet_2410,Smart Laughs,6319,2815,98,24,25,2.69,True,5.06,44.56,0.043,entertainment,87,84.8
@health_open_2411,Insider Fit,67238,21748,733,133,279,3.12,True,6.1,32.35,0.033,health,87,85.3
@sports_alpha_2412,Urban Sports,12679,434,7,1,1,0.05,True,2.31,3.42,0.434,sports,41.71,30.8
@news_global_2413,Daily Digest,23005,2762,85,0,14,0.64,False,4.86,12.01,0.046,news,50,48.6
@tech_daily_2414,Prime Code,16430,4187,53,12,10,1.21,True,1.92,25.49,0.092,tech,75,70.8
@news_quiet_2415,Alpha Report,207,84,1,0,0,2.96,True,2.67,40.67,0.01,news,57,56.6
@politics_urban_2416,Daily Policy,2848,841,29,0,12,1.0,False,6.43,29.54,0.037,politics,60,58.7
@lifestyle_prime_2417,Nova Style,14488,4236,51,0,10,1.23,False,2.18,29.24,0.109,lifestyle,60,56.1
@lifestyle_nova_2418,Daily Home,3228,1158,24,0,6,33.0,False,2.86,35.89,0.092,lifestyle,45,42.5
@gaming_open_2419,Prime Arena,3303,469,16,0,4,3.06,False,4.84,14.21,0.009,gaming,45,44.7
@crypto_insider_2420,Prime Chain,408,129,3,0,0,0.2,True,3.2,31.77,0.018,crypto,47,46.5
@business_nova_2421,Smart Ventures,2259,1120,35,8,13,1.07,True,5.15,49.61,0.095,business,80,75.4
@politics_urban_2422,Open Politics,1904,669,25,7,5,3.1,True,5.84,35.15,0.092,politics,75,70.8
@gaming_neon_2423,Daily Arena,7540,1204,9,2,2,0.19,True,1.14,15.98,0.046,gaming,42,40.8
@tech_nova_2424,Global Dev,6143,2224,58,10,15,0.2,True,3.87,36.22,0.056,tech,67,64.8
@education_bright_2425,Smart Learn,804,283,8,1,3,3.24,True,5.08,35.23,0.057,education,67,64.7
@news_global_2426,Prime Digest,12412,3585,5,1,1,2.47,True,0.22,28.88,0.07,news,54.4,52.1
@education_urban_2427,Smart Lessons,1500,522,14,0,2,30.1,False,3.92,34.83,0.03,education,45,44.2
@anime_prime_2428,Peak Sakura,9588,3562,94,0,25,2.72,False,4.53,37.15,0.023,anime,62,61.1
@news_bright_2429,Alpha Digest,91530,19889,524,0,97,13.7,False,3.53,21.73,0.03,news,47,46.2
@health_neon_2430,Quiet Fit,12956,2658,33,8,7,0.08,True,1.97,20.52,0.009,health,55,54.7
@entertainment_bright_2431,Vivid Memes,3856,1647,37,8,6,1.49,True,3.71,42.72,0.065,entertainment,75,72.1
@lifestyle_neon_2432,Quiet Living,23670,7019,114,25,28,3.49,True,2.31,29.65,0.049,lifestyle,75,72.8
@news_insider_2433,Alpha Digest,7540,1300,42,9,10,3.25,True,5.15,17.24,0.086,news,67,63.5
@crypto_alpha_2434,Neon Crypto,959,305,3,0,1,1.11,True,1.83,31.81,0.061,crypto,52,50.1
@business_prime_2435,Bright Capital,96599,2544,57,9,10,1.53,True,3.07,2.63,0.438,business,63.32,46.7
@business_global_2436,Peak Capital,864,290,7,3,1,0.6,True,4.4,33.68,0.0,business,62,62.0
@education_smart_2437,Vivid Learn,2545,840,16,3,3,1.24,True,2.92,33.01,0.105,education,70,65.6
@health_alpha_2438,Prime Health,823,201,5,0,2,1.56,False,4.31,24.44,0.015,health,52,51.5
@crypto_bright_2439,Daily Coins,8128,3626,93,0,25,2.48,False,4.14,44.62,0.01,crypto,62,61.6
@crypto_peak_2440,Smart Coins,8931,3604,77,0,27,2.13,False,3.34,40.36,0.04,crypto,62,60.5
@news_peak_2441,Nova News,88995,14970,135,48,24,1.38,True,1.36,16.82,0.0,news,72,72.0
@gaming_prime_2442,Prime Arena,2682,1074,21,0,7,2.08,False,3.41,40.07,0.084,gaming,60,57.0
@tech_quiet_2443,Smart Dev,1779,640,11,2,4,1.79,True,3.07,36.02,0.022,tech,70,69.1
@lifestyle_bright_2444,Urban Travel,100,26,0,0,0,2.35,True,5.18,26.7,0.042,lifestyle,57,55.6
@entertainment_open_2445,Global Laughs,193,63,0,0,0,0.6,True,0.07,32.82,0.0,entertainment,33.4,33.4
@crypto_core_2446,Smart Crypto,629,164,2,0,0,2.85,False,2.36,26.14,0.043,crypto,52,50.7
@politics_insider_2447,Quiet Forum,441,126,4,1,0,1.62,True,5.78,28.68,0.024,politics,67,66.0
@crypto_core_2448,Open Coins,5275,2412,26,0,4,0.07,False,1.72,45.74,0.085,crypto,42,39.9
@gaming_smart_2449,Core Esports,1669,321,5,2,1,2.19,True,2.75,19.26,0.027,gaming,60,59.0
@news_global_2450,Quiet Wire,63069,16493,353,103,84,38.0,True,3.04,26.15,0.056,news,67,64.7
@education_prime_2451,Daily Lessons,190,54,1,0,0,0.2,False,4.62,28.91,0.026,education,42,41.3
@crypto_neon_2452,Nova DeFi,25323,1632,19,0,5,2.11,False,2.05,6.44,0.643,crypto,48.22,29.6
@gaming_insider_2453,Alpha Games,331,33,0,0,0,1.46,True,3.94,10.05,0.498,gaming,47,33.0
@business_smart_2454,Daily Ventures,572,138,4,0,0,32.5,False,5.32,24.28,0.059,business,42,40.5
@tech_bright_2455,Quiet AI,830,260,9,0,1,2.24,False,4.96,31.34,0.033,tech,57,55.9
@sports_vivid_2456,Core Sports,3557,1131,25,7,8,2.07,True,3.37,31.81,0.082,sports,75,71.3
@crypto_alpha_2457,Vivid Chain,484,168,3,0,1,3.31,False,3.48,34.9,0.026,crypto,52,51.2
@gaming_core_2458,Vivid Arena,13171,2803,32,0,6,1.72,False,1.96,21.28,0.073,gaming,55,52.6
@tech_peak_2459,Quiet Dev,12838,1045,24,0,4,1.78,False,3.35,8.15,0.31,tech,49.07,40.0
@business_smart_2460,Smart Capital,1432,520,14,4,4,3.34,True,3.86,36.37,0.09,business,65,61.5
@news_smart_2461,Peak Report,7061,2159,58,0,10,2.89,False,4.46,30.59,0.005,news,62,61.8
@music_global_2462,Vivid Beats,4462,264,1,0,0,0.09,False,0.74,5.92,0.609,music,17.96,11.4
@gaming_peak_2463,Global Arena,19066,1412,15,0,5,0.2,False,1.56,7.41,0.59,gaming,33.71,21.8
@music_alpha_2464,Urban Tracks,4751,1843,25,0,8,2.7,False,1.93,38.79,0.085,music,55,52.2
@movies_quiet_2465,Alpha Cinema,11050,3353,70,0,22,0.18,False,3.69,30.35,0.062,movies,50,48.2
@tech_open_2466,Daily Tech,3602,1042,10,4,2,22.8,True,1.79,28.93,0.0,tech,45,45.0
@sports_peak_2467,Daily Arena,80519,14461,514,90,104,1.24,True,5.21,17.96,0.036,sports,82,80.2
@news_alpha_2468,Bright News,4897,368,0,0,0,0.01,True,0.35,7.52,0.619,news,15.76,9.9
@news_open_2469,Vivid Digest,7174,2233,37,10,7,26.5,True,2.49,31.14,0.085,news,62,58.8
@crypto_daily_2470,Urban Chain,5159,2021,50,0,12,0.52,False,3.46,39.18,0.069,crypto,57,54.6
@politics_urban_2471,Alpha Politics,6390,1829,44,0,15,1.38,False,3.98,28.63,0.041,politics,57,55.6
@sports_quiet_2472,Open League,629,211,4,0,1,1.18,False,3.14,33.61,0.034,sports,57,55.8
@anime_daily_2473,Smart Sakura,2884,1152,43,11,7,2.4,True,5.12,39.96,0.003,anime,85,84.8
@education_nova_2474,Bright Lessons,18171,3772,44,0,13,0.2,False,1.82,20.76,0.0,education,45,45.0
@news_core_2475,Vivid Report,25244,5747,12,0,5,0.18,False,0.39,22.77,0.0,news,32.8,32.8
@tech_quiet_2476,Peak Dev,8869,2451,45,13,7,0.97,True,3.05,27.64,0.051,tech,72,69.8
@tech_vivid_2477,Smart Dev,120233,40637,347,104,85,3.06,True,1.46,33.8,0.062,tech,80,77.0
@business_open_2478,Core Ventures,2814,800,31,0,5,2.14,False,5.39,28.44,0.0,business,60,60.0
@tech_bright_2479,Prime Dev,4105,1309,0,0,0,1.14,True,0.06,31.91,0.002,tech,41.2,41.2
@tech_neon_2480,Urban Dev,15369,5190,141,49,42,1.49,True,4.21,33.77,0.0,tech,85,85.0
@movies_peak_2481,Bright Cinema,186,54,3,1,0,0.77,True,9.73,29.13,0.106,movies,62,58.1
@news_core_2482,Insider Digest,5047,2086,53,0,15,2.02,False,3.47,41.35,0.024,news,62,61.1
@tech_peak_2483,Smart AI,1874,825,13,0,3,1.76,False,2.3,44.04,0.0,tech,60,60.0
@sports_smart_2484,Quiet Arena,799,446,7,1,1,1.18,True,2.34,55.84,0.029,sports,72,70.8
@gaming_bright_2485,Insider Quest,2218,607,18,5,4,2.21,True,5.16,27.38,0.109,gaming,70,65.4
@education_urban_2486,Global Course,13964,3853,74,24,18,1.09,True,2.95,27.59,0.027,education,80,78.7
@entertainment_prime_2487,Nova Fun,324,118,5,1,0,1.23,True,6.37,36.49,0.023,entertainment,72,71.0
@music_global_2488,Smart Music,43622,9139,3,0,0,0.24,True,0.05,20.95,0.029,music,31.0,30.5
@news_quiet_2489,Neon Report,1681,189,3,1,0,2.56,True,2.42,11.28,0.553,news,60,40.1
@entertainment_smart_2490,Core Memes,317,83,3,1,1,1.59,True,6.6,26.37,0.065,entertainment,67,64.4
@sports_global_2491,Vivid League,11148,2233,47,0,13,0.13,False,3.22,20.03,0.133,sports,45,41.4
@business_daily_2492,Global Capital,51662,9384,111,0,23,1.94,False,1.96,18.16,0.036,business,52,50.9
@tech_insider_2493,Urban AI,81378,11230,122,0,28,1.9,False,1.74,13.8,0.094,tech,52,49.1
@tech_insider_2494,Urban Dev,38116,4018,79,0,15,3.93,False,2.88,10.54,0.001,tech,50,50.0
@gaming_bright_2495,Quiet Arena,889,308,2,0,1,0.2,False,1.67,34.68,0.092,gaming,42,39.7
@news_nova_2496,Vivid News,215,41,0,0,0,0.2,False,1.97,19.15,0.059,news,32,30.9
@crypto_insider_2497,Bright Crypto,5710,971,1,0,0,3.09,False,0.28,17.01,0.062,crypto,32.6,31.4
@crypto_daily_2498,Neon DeFi,8398,1273,46,15,14,0.24,True,5.01,15.16,0.1,crypto,67,63.0
@crypto_nova_2499,Daily Coins,4016,947,25,5,7,31.0,True,4.45,23.59,0.058,crypto,50,48.3
@gaming_core_2500,Vivid Esports,5890,2041,34,7,11,2.84,True,2.25,34.66,0.078,gaming,77,73.4
@entertainment_open_2501,Prime Fun,2300,933,11,4,4,0.07,True,2.2,40.59,0.014,entertainment,55,54.5
@entertainment_global_2502,Open Memes,1725,627,9,3,2,3.75,True,2.39,36.38,0.032,entertainment,65,63.7
@business_peak_2503,Insider Ventures,12140,3952,29,10,10,0.13,True,1.22,32.56,0.051,business,60,58.2
@politics_insider_2504,Core Politics,641,174,5,1,1,1.14,True,4.82,27.2,0.148,politics,62,56.5
@crypto_neon_2505,Daily DeFi,18022,6402,81,19,25,1.63,True,1.87,35.53,0.047,crypto,80,77.8
@health_insider_2506,Urban Care,25268,7121,52,12,15,0.25,True,1.0,28.18,0.14,health,65,59.5
@gaming_prime_2507,Neon Arena,918,271,6,0,1,1.56,False,3.34,29.57,0.0,gaming,52,52.0
@health_quiet_2508,Neon Health,8171,2367,13,0,2,0.51,False,0.81,28.98,0.089,health,42,39.8
@business_insider_2509,Prime Ventures,113,33,1,0,0,1.21,True,8.42,29.65,0.033,business,57,55.9
@news_vivid_2510,Smart Report,16902,6111,94,15,20,26.4,True,2.5,36.16,0.084,news,70,66.5
@education_alpha_2511,Quiet Course,11133,3926,89,29,33,1.79,True,3.84,35.27,0.058,education,85,82.0
@business_smart_2512,Core Money,484,151,3,1,0,2.07,True,3.23,31.29,0.059,business,67,64.6
@entertainment_core_2513,Prime Fun,56420,15291,391,79,70,3.22,True,3.48,27.1,0.071,entertainment,77,73.7
@tech_daily_2514,Bright AI,3462,1098,19,3,4,2.12,True,2.89,31.72,0.079,tech,70,66.7
@gaming_peak_2515,Insider Games,30466,8816,210,0,43,0.56,False,4.09,28.94,0.02,gaming,55,54.3
@news_nova_2516,Quiet Digest,22618,9476,195,61,67,2.02,True,3.26,41.9,0.0,news,85,85.0
@business_urban_2517,Daily Money,100,33,1,0,0,0.04,False,5.61,33.21,0.14,business,47,43.0
@news_peak_2518,Quiet News,15660,3802,129,0,36,0.83,False,5.0,24.28,0.054,news,60,58.0
@gacha_neon_2519,Daily Gacha,2209,410,8,2,2,0.38,True,3.41,18.59,0.0,gacha,50,50.0
@business_daily_2520,Quiet Capital,716,51,0,0,0,1.12,True,2.51,7.25,0.559,business,40.63,27.0
@news_prime_2521,Vivid News,3319,880,28,0,11,3.09,False,5.38,26.52,0.0,news,55,55.0
@health_bright_2522,Open Fit,22006,4520,71,0,18,1.28,False,2.65,20.54,0.085,health,60,56.9
@news_global_2523,Core Digest,56697,16022,532,102,138,0.11,True,4.91,28.26,0.053,news,67,64.9
@news_vivid_2524,Vivid Report,2077,696,6,0,2,3.87,False,1.66,33.54,0.0,news,50,50.0
@crypto_peak_2525,Smart DeFi,762,326,5,0,2,0.9,False,2.66,42.86,0.004,crypto,52,51.9
@news_nova_2526,Peak Wire,4314,859,11,3,3,2.6,True,2.15,19.93,0.09,news,60,56.8
@news_core_2527,Urban News,10413,2141,41,12,9,0.03,True,3.17,20.57,0.06,news,65,62.7
@music_prime_2528,Core Sound,88962,7762,156,0,24,2.48,False,2.71,8.73,0.03,music,51.36,50.4
@entertainment_prime_2529,Prime Laughs,211819,17681,550,0,164,1.9,False,4.88,8.35,0.083,entertainment,54.17,51.5
@tech_daily_2530,Bright Tech,2878,339,4,0,1,0.2,False,2.34,11.78,0.347,tech,40,31.7
@news_prime_2531,Insider Wire,600,215,1,0,0,0.57,False,1.13,35.88,0.025,news,47,46.3
@business_urban_2532,Insider Money,4669,1405,24,0,6,3.86,False,2.7,30.1,0.058,business,55,53.1
@education_daily_2533,Neon Course,78732,5457,140,0,49,1.32,False,4.05,6.93,0.012,education,50.47,50.1
@business_smart_2534,Prime Market,19183,5702,236,0,61,0.14,False,6.26,29.73,0.022,business,50,49.3
@education_peak_2535,Neon Learn,588,235,7,2,1,0.2,True,5.14,40.07,0.07,education,62,59.4
@music_bright_2536,Urban Music,8286,2273,27,0,10,0.09,False,2.07,27.44,0.0,music,42,42.0
@music_quiet_2537,Vivid Sound,27225,11236,404,0,82,20.9,False,5.39,41.27,0.101,music,55,51.7
@crypto_open_2538,Prime Chain,3398,1425,66,23,21,0.16,True,6.49,41.95,0.099,crypto,70,65.8
@lifestyle_daily_2539,Quiet Home,4439,1200,28,9,7,1.63,True,3.45,27.05,0.023,lifestyle,70,69.0
@tech_bright_2540,Nova Dev,46606,9807,192,50,44,2.03,True,3.56,21.04,0.045,tech,80,77.8
@entertainment_insider_2541,Vivid Vibes,15841,4693,146,0,29,2.42,False,4.9,29.63,0.09,entertainment,60,56.7
@business_vivid_2542,Insider Ventures,7010,2959,57,0,15,2.0,False,3.33,42.22,0.028,business,62,61.0
@education_global_2543,Smart Academy,1781,553,10,0,3,3.13,False,3.26,31.1,0.042,education,55,53.6
@tech_nova_2544,Peak Code,765,253,9,0,1,0.2,False,5.24,33.16,0.096,tech,52,49.0
@crypto_prime_2545,Insider Chain,2097,852,13,3,4,2.85,True,2.35,40.64,0.0,crypto,70,70.0
@crypto_alpha_2546,Bright Crypto,1573,288,6,2,1,2.05,True,4.21,18.36,0.012,crypto,60,59.6
@crypto_open_2547,Urban Chain,137755,24025,208,0,59,1.5,False,1.25,17.44,0.012,crypto,55,54.6
@gaming_global_2548,Neon Esports,9414,3489,31,8,9,4.08,True,1.28,37.07,0.006,gaming,67,66.8
@crypto_global_2549,Peak Chain,9023,2191,33,0,5,2.75,False,2.52,24.29,0.083,crypto,57,54.2
@tech_urban_2550,Nova AI,327,107,4,0,0,0.12,True,5.52,32.94,0.065,tech,47,45.2
@business_alpha_2551,Core Ventures,2301,914,21,0,6,3.31,False,4.05,39.73,0.063,business,55,52.9
@health_prime_2552,Alpha Health,216,93,2,0,0,0.56,True,3.68,43.08,0.068,health,52,49.9
@music_insider_2553,Vivid Music,1132,280,7,2,1,1.94,True,3.72,24.78,0.034,music,65,63.7
@tech_core_2554,Open Dev,2449,722,17,5,3,3.72,True,3.31,29.51,0.035,tech,60,58.8
@entertainment_urban_2555,Vivid Laughs,7303,1137,10,1,3,0.2,True,1.63,15.57,0.072,entertainment,47,45.0
@news_peak_2556,Insider Wire,3550,1048,30,7,10,2.2,True,3.97,29.55,0.025,news,70,68.9
@entertainment_daily_2557,Vivid Vibes,653,188,4,0,1,0.71,True,4.51,28.8,0.051,entertainment,47,45.6
@education_insider_2558,Prime Course,21825,5920,174,33,48,0.2,True,4.36,27.13,0.057,education,70,67.6
@business_bright_2559,Peak Market,6549,860,6,0,1,0.2,False,0.95,13.14,0.754,business,32,17.5
@crypto_urban_2560,Quiet DeFi,5486,1418,51,16,14,13.8,True,4.95,25.86,0.036,crypto,62,60.7
@crypto_neon_2561,Daily DeFi,206,43,1,0,0,2.71,False,5.41,20.89,0.0,crypto,57,57.0
@news_neon_2562,Neon Digest,1587,620,17,5,4,1.45,True,3.94,39.09,0.053,news,70,67.8
@music_insider_2563,Urban Tracks,230,80,3,0,0,2.88,False,6.36,34.84,0.065,music,62,59.6
@entertainment_nova_2564,Insider Vibes,3826,1532,30,6,5,3.3,True,3.12,40.06,0.067,entertainment,70,67.2
@gacha_prime_2565,Vivid Gacha,522,160,2,0,0,1.94,True,2.09,30.81,0.004,gacha,57,56.9
@entertainment_nova_2566,Global Laughs,47431,13280,193,0,76,0.2,False,2.64,28.0,0.031,entertainment,50,49.1
@entertainment_nova_2567,Smart Memes,471,170,3,0,0,0.34,True,3.16,36.22,0.064,entertainment,47,45.2
@politics_urban_2568,Bright Forum,8585,2140,40,0,6,1.49,False,3.12,24.94,0.14,politics,57,52.2
@education_insider_2569,Open Learn,9034,2849,44,0,7,1.28,False,2.17,31.54,0.069,education,62,59.4
@business_insider_2570,Bright Ventures,67580,4852,79,26,12,1.53,True,2.54,7.18,0.3,business,70.59,57.9
@education_urban_2571,Alpha Lessons,7203,2008,51,14,10,1.9,True,3.69,27.88,0.062,education,77,74.1
@education_bright_2572,Open Course,5442,2217,31,0,12,1.78,False,2.58,40.74,0.012,education,62,61.6
@news_open_2573,Bright Report,3303,220,1,0,0,1.08,False,1.44,6.68,0.459,news,38.34,27.8
@entertainment_quiet_2574,Nova Fun,27017,1824,20,0,3,2.29,False,1.64,6.75,0.503,entertainment,43.38,30.3
@music_open_2575,Core Music,3384,836,0,0,0,1.4,True,0.16,24.71,0.053,music,38.2,37.0
@politics_smart_2576,Peak Politics,29489,6595,209,0,45,1.65,False,5.25,22.37,0.023,politics,65,64.1
@business_core_2577,Bright Market,100,31,1,0,0,1.44,True,8.54,31.89,0.049,business,62,60.2
@politics_smart_2578,Alpha Policy,15050,4442,68,25,19,18.4,True,2.59,29.52,0.031,politics,65,63.8
@education_urban_2579,Bright Academy,7616,2563,32,0,13,20.8,False,2.27,33.66,0.087,education,47,44.5
@news_neon_2580,Urban Report,1723,619,10,2,4,2.48,True,2.96,35.95,0.103,news,70,65.7
@tech_insider_2581,Peak Tech,10127,1104,33,12,9,29.7,True,5.08,10.91,0.058,tech,65,62.7
@lifestyle_alpha_2582,Global Style,2261,565,3,0,0,1.35,False,1.04,25.02,0.001,lifestyle,50,50.0
@politics_open_2583,Daily Politics,3029,510,16,3,4,0.03,True,5.37,16.84,0.308,politics,50,40.8
@tech_urban_2584,Urban AI,227,90,1,0,0,0.2,False,2.19,39.9,0.014,tech,47,46.6
@sports_nova_2585,Neon Arena,1863,594,12,0,4,1.96,False,3.67,31.91,0.124,sports,60,55.5
@news_vivid_2586,Neon Report,40507,6475,50,19,13,3.22,True,1.3,15.99,0.0,news,65,65.0
@crypto_bright_2587,Neon DeFi,4603,1997,53,0,8,1.77,False,3.81,43.4,0.042,crypto,60,58.5
@entertainment_peak_2588,Vivid Vibes,3040,1508,53,0,20,17.4,False,6.3,49.61,0.029,entertainment,50,49.1
@politics_vivid_2589,Core Policy,1958,773,24,5,5,0.04,True,4.77,39.5,0.0,politics,55,55.0
@entertainment_global_2590,Peak Memes,323,113,2,0,0,0.05,False,2.85,35.04,0.044,entertainment,42,40.9
@news_daily_2591,Urban Digest,4665,1894,35,6,9,5.0,True,2.98,40.62,0.038,news,70,68.4
@lifestyle_quiet_2592,Core Style,2130,182,2,0,0,35.3,True,1.75,8.58,0.567,lifestyle,24.29,16.0
@business_global_2593,Smart Capital,5743,1135,0,0,0,0.01,True,0.05,19.78,0.091,business,18.0,17.0
@tech_global_2594,Global AI,82606,27617,405,0,88,0.52,False,2.06,33.43,0.043,tech,62,60.4
@crypto_insider_2595,Smart Chain,19496,4043,153,38,35,0.72,True,6.1,20.74,0.0,crypto,80,80.0
@health_neon_2596,Open Fit,6265,1516,35,0,6,1.32,False,3.1,24.2,0.022,health,57,56.3
@music_core_2597,Open Tracks,44991,5321,143,46,23,2.01,True,4.18,11.83,0.063,music,75,72.2
@politics_open_2598,Urban Politics,54236,10305,156,48,69,3.17,True,2.73,19.0,0.055,politics,72,69.6
@entertainment_smart_2599,Nova Vibes,652,179,6,0,1,2.0,False,5.32,27.53,0.104,entertainment,57,53.5
@health_vivid_2600,Vivid Care,14753,3263,104,0,22,3.24,False,5.84,22.12,0.05,health,60,58.2
@education_quiet_2601,Global Learn,685,162,2,0,0,11.9,True,2.36,23.68,0.028,education,37,36.4
@lifestyle_nova_2602,Peak Style,519,131,2,0,0,0.06,False,2.89,25.37,0.084,lifestyle,37,35.1
@education_global_2603,Open Learn,5347,1339,23,0,8,0.01,False,2.98,25.05,0.119,education,42,39.0
@music_prime_2604,Insider Sound,1451,669,11,0,3,0.96,False,2.73,46.16,0.011,music,55,54.6
@gacha_bright_2605,Open GLMV,33400,8517,222,0,33,3.76,False,3.53,25.5,0.006,gacha,55,54.8
@business_alpha_2606,Global Money,53271,9657,201,0,42,2.57,False,3.55,18.13,0.066,business,57,54.8
@news_quiet_2607,Bright Report,3026,1151,41,0,17,0.09,False,6.51,38.07,0.032,news,50,49.0
@politics_core_2608,Daily Forum,1172,53,1,0,0,0.2,True,3.98,4.53,0.3,politics,32.27,26.5
@education_urban_2609,Urban Academy,1434,468,7,1,2,1.73,True,2.94,32.68,0.065,education,70,67.3
@crypto_global_2610,Open Chain,2851,1209,12,4,3,1.12,True,1.6,42.41,0.095,crypto,65,61.3
@politics_peak_2611,Open Debate,1838,421,19,6,6,3.86,True,6.55,22.91,0.017,politics,70,69.3
@education_daily_2612,Alpha Academy,15204,5454,63,12,10,2.61,True,2.0,35.88,0.051,education,85,82.4
@music_smart_2613,Smart Beats,3954,492,1,0,0,36.5,False,0.55,12.44,0.081,music,25,23.8
@business_daily_2614,Bright Capital,1683471,412306,10191,0,1896,1.41,False,4.3,24.49,0.043,business,65,63.3
@entertainment_alpha_2615,Bright Fun,9683,1343,29,0,8,2.95,False,3.27,13.88,0.037,entertainment,52,50.8
@music_peak_2616,Global Beats,18415,4838,151,0,37,0.66,False,4.6,26.28,0.045,music,55,53.5
@lifestyle_nova_2617,Peak Home,23742,3741,56,0,11,1.56,False,2.11,15.76,0.073,lifestyle,55,52.6
@gaming_insider_2618,Smart Quest,5340,1090,24,0,5,0.99,False,3.34,20.41,0.064,gaming,52,50.0
@crypto_smart_2619,Alpha Crypto,373,131,3,0,1,1.96,True,3.86,35.34,0.06,crypto,57,55.0
@news_bright_2620,Insider Report,7686,2500,110,0,24,2.61,False,6.12,32.53,0.032,news,67,65.7
@education_bright_2621,Prime Course,3304,821,23,0,5,20.3,False,4.15,24.86,0.0,education,40,40.0
@business_prime_2622,Open Ventures,5597,1920,0,0,0,2.06,True,0.05,34.32,0.119,business,43.0,39.9
@lifestyle_insider_2623,Global Home,158,63,1,0,0,2.0,False,3.38,40.1,0.07,lifestyle,57,54.6
@education_urban_2624,Alpha Lessons,417,153,5,1,1,1.54,True,5.39,36.7,0.018,education,72,71.2
@news_urban_2625,Prime Report,1288,567,3,0,0,1.53,False,0.87,44.07,0.0,news,50,50.0
@crypto_nova_2626,Open DeFi,559,203,1,0,0,0.18,True,1.28,36.49,0.072,crypto,37,35.4
@gaming_neon_2627,Neon Esports,7911,1456,45,8,16,1.87,True,4.84,18.41,0.067,gaming,67,64.3
@tech_daily_2628,Smart AI,5177,1411,49,0,19,2.54,False,6.05,27.26,0.077,tech,62,59.1
@crypto_bright_2629,Open Coins,93099,29412,483,0,96,2.43,False,2.33,31.59,0.114,crypto,67,62.4
@anime_open_2630,Vivid Anime,2117,722,27,10,6,0.44,True,6.63,34.15,0.124,anime,70,64.8
@crypto_peak_2631,Insider DeFi,16823,4662,65,0,9,1.55,False,2.0,27.71,0.115,crypto,60,55.9
@gacha_prime_2632,Open Club,19544,6993,279,0,73,1.73,False,6.21,35.78,0.082,gacha,70,66.6
@tech_core_2633,Bright Tech,2526,643,12,0,4,2.23,False,3.15,25.46,0.047,tech,55,53.5
@business_neon_2634,Insider Ventures,154,37,0,0,0,1.47,True,0.07,24.48,0.0,business,33.4,33.4
@music_urban_2635,Smart Tracks,1875,570,22,0,7,1.76,False,5.93,30.45,0.035,music,65,63.6
@gaming_daily_2636,Quiet Arena,718,168,6,0,1,2.69,False,6.08,23.52,0.002,gaming,57,56.9
@lifestyle_prime_2637,Peak Style,36303,9099,72,0,13,2.26,False,1.08,25.07,0.0,lifestyle,55,55.0
@business_open_2638,Quiet Market,1469,536,7,0,1,3.07,False,2.12,36.53,0.025,business,55,54.2
@entertainment_daily_2639,Neon Laughs,3283,935,26,0,3,1.3,False,3.94,28.49,0.038,entertainment,55,53.8
@lifestyle_vivid_2640,Insider Home,1850,679,21,0,6,0.16,False,5.45,36.7,0.012,lifestyle,50,49.6
@news_vivid_2641,Neon Wire,382,99,2,0,0,0.89,True,4.53,26.12,0.056,news,47,45.4
@lifestyle_prime_2642,Urban Home,4185,1589,59,20,21,2.17,True,5.65,37.98,0.133,lifestyle,85,78.2
@news_open_2643,Peak Report,3214,1269,13,0,3,1.41,False,1.62,39.49,0.055,news,55,53.2
@entertainment_daily_2644,Neon Laughs,468,110,1,0,0,15.2,False,1.62,23.53,0.116,entertainment,32,29.8
@news_bright_2645,Prime Digest,291,96,2,0,0,0.53,False,3.69,33.1,0.065,news,52,50.0
@gaming_urban_2646,Prime Games,2334,248,5,1,1,2.64,True,3.1,10.66,0.348,gaming,60,47.5
@news_prime_2647,Peak Wire,139,54,1,0,0,1.67,True,4.5,39.33,0.08,news,57,54.3
@lifestyle_prime_2648,Nova Style,24658,4711,39,14,7,2.46,True,1.25,19.11,0.036,lifestyle,70,68.5
@crypto_bright_2649,Open Coins,569,155,3,1,1,4.47,True,4.0,27.31,0.026,crypto,57,56.1
@news_open_2650,Quiet Digest,3749,1146,11,0,3,2.94,False,1.52,30.57,0.039,news,55,53.7
@entertainment_peak_2651,Open Memes,1040,311,9,3,1,1.87,True,4.21,29.94,0.07,entertainment,65,62.3
@news_insider_2652,Bright Digest,3637,563,10,1,2,0.09,True,2.92,15.49,0.076,news,45,43.0
@entertainment_quiet_2653,Bright Laughs,4903,1438,7,0,1,2.39,False,0.66,29.35,0.101,entertainment,45,42.3
@health_neon_2654,Urban Fit,506,188,2,0,1,1.02,True,2.77,37.33,0.06,health,57,54.9
@business_urban_2655,Global Market,80033,3151,31,0,6,1.81,False,1.59,3.94,0.046,business,43.97,42.7
@business_core_2656,Global Money,3580,862,24,4,4,0.05,True,4.47,24.1,0.074,business,50,47.8
@anime_peak_2657,Global Anime,92136,26615,9,0,2,3.06,False,0.05,28.89,0.0,anime,38.0,38.0
@crypto_smart_2658,Insider Crypto,5275,1342,12,0,2,2.85,False,1.32,25.44,0.054,crypto,52,50.3
@tech_vivid_2659,Peak AI,4102,964,11,3,3,0.03,True,2.0,23.52,0.034,tech,50,49.0
@politics_smart_2660,Nova Debate,9193,4570,125,23,44,0.16,True,4.09,49.72,0.039,politics,67,65.5
@health_daily_2661,Neon Wellness,127,25,0,0,0,2.17,True,3.5,20.15,0.055,health,52,50.3
@entertainment_neon_2662,Insider Vibes,45701,5978,160,0,49,3.06,False,3.64,13.08,0.0,entertainment,50,50.0
@gacha_nova_2663,Smart GLMV,1027,404,9,1,2,0.51,True,3.54,39.41,0.031,gacha,65,63.8
@entertainment_peak_2664,Neon Laughs,536,150,5,0,1,1.93,False,5.39,28.15,0.072,entertainment,57,54.5
@lifestyle_prime_2665,Daily Home,2000,796,21,6,8,0.12,True,4.58,39.82,0.074,lifestyle,60,57.3
@education_urban_2666,Core Academy,1950,488,9,0,3,3.01,False,2.77,25.04,0.086,education,50,47.4
@crypto_global_2667,Prime Coins,14849,2833,22,6,4,0.2,True,1.29,19.08,0.165,crypto,55,49.6
@entertainment_alpha_2668,Nova Fun,116268,21520,613,197,256,1.77,True,5.05,18.51,0.003,entertainment,85,84.9
@anime_smart_2669,Insider Manga,2019,207,1,0,0,2.98,True,1.31,10.28,0.684,anime,45,26.5
@lifestyle_smart_2670,Vivid Living,16662,2318,21,0,4,3.29,False,1.28,13.91,0.658,lifestyle,45,27.2
@lifestyle_alpha_2671,Nova Style,179200,48839,72,11,17,1.75,True,0.21,27.25,0.114,lifestyle,69.2,64.5
@lifestyle_smart_2672,Peak Living,1304,634,17,0,6,2.03,False,4.19,48.65,0.022,lifestyle,60,59.2
@news_smart_2673,Smart Wire,681,262,12,0,3,2.36,False,7.29,38.57,0.098,news,62,58.4
@education_vivid_2674,Prime Course,4508,1736,23,8,8,0.91,True,2.16,38.52,0.078,education,70,66.7
@business_nova_2675,Nova Ventures,50201,10078,218,67,43,1.04,True,3.28,20.08,0.0,business,82,82.0
@news_urban_2676,Insider News,64456,12242,365,126,104,0.68,True,4.15,18.99,0.069,news,72,69.0
@lifestyle_insider_2677,Neon Style,35689,4772,94,30,17,2.18,True,3.02,13.37,0.085,lifestyle,75,71.2
@lifestyle_peak_2678,Smart Travel,522,166,5,1,0,2.37,True,4.6,31.93,0.101,lifestyle,67,62.9
@entertainment_nova_2679,Vivid Laughs,9487,3103,76,0,31,5.67,False,4.3,32.72,0.08,entertainment,52,49.5
@entertainment_alpha_2680,Urban Fun,1091,439,14,0,4,25.7,False,4.86,40.25,0.038,entertainment,45,44.0
@news_bright_2681,Open News,827,254,6,1,1,0.04,True,4.1,30.72,0.056,news,52,50.3
@tech_core_2682,Global Dev,12544,3588,102,0,30,3.01,False,4.18,28.61,0.035,tech,55,53.8
@tech_neon_2683,Global AI,5129,1855,33,0,8,1.21,False,2.57,36.17,0.002,tech,62,61.9
@news_bright_2684,Core Digest,3420,662,23,0,3,0.06,False,5.28,19.36,0.06,news,40,38.5
@politics_vivid_2685,Alpha Debate,7100,2092,48,0,14,0.17,False,3.4,29.48,0.082,politics,42,39.9
@entertainment_peak_2686,Peak Laughs,100,44,1,0,0,2.38,True,3.45,44.93,0.02,entertainment,57,56.3
@tech_neon_2687,Smart Dev,9970,1761,70,14,23,1.07,True,5.53,17.67,0.117,tech,77,71.6
@business_vivid_2688,Vivid Market,8052,3397,54,0,7,4.37,False,2.15,42.19,0.131,business,57,52.5
@gaming_neon_2689,Alpha Arena,7621,2436,76,0,20,1.51,False,4.48,31.97,0.058,gaming,62,59.8
@crypto_vivid_2690,Insider DeFi,3469,1011,2,0,0,2.84,True,0.48,29.16,0.038,crypto,44.6,43.6
@business_open_2691,Core Market,1162,470,14,3,4,1.33,True,4.16,40.49,0.105,business,70,65.6
@news_nova_2692,Alpha Report,6860,3032,10,1,2,3.4,True,0.5,44.21,0.043,news,57,55.5
@gaming_urban_2693,Global Esports,67859,23972,781,119,252,1.02,True,4.72,35.33,0.046,gaming,87,84.6
@entertainment_daily_2694,Daily Laughs,6782,981,24,4,6,1.92,True,3.58,14.48,0.01,entertainment,62,61.6
@news_quiet_2695,Daily Wire,19018,6772,190,38,64,0.2,True,3.86,35.61,0.102,news,75,70.4
@gaming_quiet_2696,Vivid Games,3337,1054,4,0,1,3.55,False,0.62,31.6,0.088,gaming,45,42.6
@business_peak_2697,Global Money,12310,917,8,2,2,2.19,True,1.27,7.45,0.59,business,53.72,34.7
@crypto_quiet_2698,Nova Coins,320,137,1,0,0,1.11,False,1.52,43.11,0.083,crypto,52,49.4
@business_quiet_2699,Nova Ventures,441,154,3,1,1,1.78,True,3.66,34.95,0.113,business,67,62.5
@news_urban_2700,Quiet Report,1945,755,15,2,5,1.84,True,3.45,38.85,0.069,news,70,67.1
@lifestyle_smart_2701,Neon Travel,59963,1531,33,0,8,0.08,False,3.36,2.55,0.045,lifestyle,33.28,32.4
@education_global_2702,Prime Lessons,1225,452,23,6,8,1.38,True,7.1,36.97,0.046,education,80,77.8
@entertainment_urban_2703,Prime Vibes,51614,10667,278,113,52,2.13,True,4.37,20.67,0.0,entertainment,82,82.0
@movies_bright_2704,Neon Screen,164,35,0,0,0,1.92,True,1.83,21.79,0.102,movies,47,44.1
@gaming_bright_2705,Vivid Quest,30141,7377,70,0,24,1.03,False,1.5,24.48,0.028,gaming,55,54.1
@gacha_neon_2706,Bright OC,7839,2271,40,0,16,1.09,False,3.04,28.97,0.037,gacha,57,55.7
@gaming_nova_2707,Open Games,3270,663,19,4,3,0.3,True,4.18,20.28,0.041,gaming,55,53.7
@entertainment_daily_2708,Global Laughs,23997,6212,55,0,11,2.69,False,1.43,25.89,0.014,entertainment,55,54.5
@health_insider_2709,Daily Health,12897,2845,82,0,15,1.51,False,4.16,22.06,0.026,health,60,59.0
@sports_prime_2710,Core Sports,17358,4624,90,21,30,2.31,True,2.71,26.64,0.076,sports,80,76.4
@crypto_smart_2711,Core DeFi,5139,1358,31,0,10,2.51,False,3.66,26.44,0.064,crypto,57,54.8
@health_core_2712,Peak Wellness,2321,820,17,2,4,0.15,True,2.89,35.37,0.0,health,55,55.0
@sports_urban_2713,Urban Sports,6336,1577,57,16,18,0.7,True,4.97,24.89,0.046,sports,72,70.0
@entertainment_peak_2714,Prime Memes,201,64,1,0,0,2.15,False,4.1,32.17,0.116,entertainment,57,53.0
@education_peak_2715,Urban Lessons,2117,618,20,0,3,0.12,False,5.02,29.22,0.098,education,45,42.4
@entertainment_prime_2716,Urban Laughs,951,321,12,0,3,3.5,False,5.51,33.81,0.058,entertainment,57,55.0
@news_peak_2717,Quiet News,1896,445,5,1,1,0.15,True,1.72,23.48,0.128,news,45,41.6
@education_smart_2718,Alpha Lessons,12508,2618,83,0,22,2.06,False,4.68,20.93,0.046,education,60,58.3
@sports_alpha_2719,Urban Sports,30781,7489,132,34,26,1.22,True,2.61,24.33,0.023,sports,80,78.9
@news_vivid_2720,Core Report,668,190,6,1,1,0.2,True,5.95,28.47,0.021,news,57,56.3
@news_quiet_2721,Nova Report,6100,596,3,0,0,1.1,False,0.88,9.78,0.723,news,36.89,20.9
@health_daily_2722,Urban Fit,1602,497,25,6,7,2.22,True,6.91,31.07,0.075,health,80,76.4
@crypto_bright_2723,Core DeFi,21434,2298,25,5,9,35.4,True,1.69,10.72,0.098,crypto,45,42.4
@anime_prime_2724,Core Otaku,360,169,5,0,1,1.28,True,4.43,47.14,0.0,anime,57,57.0
@news_urban_2725,Daily Wire,411,156,2,0,0,0.13,False,2.39,38.05,0.033,news,42,41.2
@music_open_2726,Urban Music,534,229,3,1,1,1.05,True,2.17,43.04,0.051,music,67,65.0
@business_insider_2727,Daily Money,67324,10858,140,24,29,2.0,True,2.02,16.13,0.04,business,77,75.2
@business_global_2728,Daily Ventures,442,90,0,0,0,0.11,False,0.06,20.58,0.06,business,18.2,17.5
@lifestyle_daily_2729,Alpha Living,543,159,2,0,0,2.42,True,2.35,29.42,0.034,lifestyle,52,51.0
@entertainment_daily_2730,Quiet Laughs,7676,3042,63,18,17,1.37,True,2.95,39.64,0.013,entertainment,82,81.4
@crypto_peak_2731,Peak Coins,3946,1039,21,0,5,0.01,False,3.15,26.33,0.044,crypto,40,38.9
@music_smart_2732,Open Beats,37499,7016,229,0,66,1.42,False,4.7,18.71,0.034,music,55,53.9
@news_quiet_2733,Prime Wire,9285,2386,95,0,27,2.48,False,5.36,25.7,0.041,news,62,60.5
@music_quiet_2734,Urban Sound,6659,1646,48,11,12,0.61,True,3.97,24.73,0.122,music,72,66.7
@entertainment_core_2735,Daily Memes,9029,2139,28,6,11,1.22,True,2.38,23.69,0.115,entertainment,72,67.0
@lifestyle_urban_2736,Daily Style,2752,1128,30,8,5,3.82,True,4.29,41.0,0.093,lifestyle,70,66.1
@gaming_alpha_2737,Core Arena,6379,2597,32,0,10,2.02,False,2.09,40.72,0.0,gaming,62,62.0
@tech_insider_2738,Neon Tech,3218,562,22,0,3,0.13,False,5.47,17.48,0.0,tech,40,40.0
@news_core_2739,Peak Wire,713,283,10,0,3,2.27,False,6.16,39.78,0.009,news,62,61.7
@gaming_urban_2740,Core Arena,3763,1553,5,1,1,2.65,True,0.57,41.29,0.068,gaming,60,57.5
@politics_open_2741,Insider Forum,15868,1364,14,3,4,1.84,True,1.68,8.6,0.539,politics,54.3,36.7
@anime_peak_2742,Core Sakura,10190,2389,82,0,26,0.97,False,5.2,23.45,0.098,anime,60,56.5
@lifestyle_insider_2743,Core Living,28325,4696,104,0,35,1.44,False,3.82,16.58,0.05,lifestyle,55,53.4
@entertainment_open_2744,Urban Fun,2106,764,28,6,4,1.11,True,5.13,36.29,0.071,entertainment,80,76.6
@tech_insider_2745,Vivid Dev,463,186,8,2,2,2.7,True,6.4,40.18,0.061,tech,72,69.4
@politics_open_2746,Bright Politics,2981,865,25,5,9,1.8,True,4.26,29.04,0.055,politics,65,62.8
@music_smart_2747,Core Sound,2271,970,25,4,8,3.96,True,3.64,42.72,0.096,music,65,61.3
@education_core_2748,Vivid Lessons,699,199,2,0,1,0.66,True,2.26,28.49,0.022,education,47,46.4
@health_vivid_2749,Alpha Wellness,15835,6269,178,0,55,27.3,False,4.81,39.6,0.037,health,50,48.9
@tech_insider_2750,Peak Code,25313,6013,69,23,21,1.31,True,1.97,23.76,0.026,tech,75,73.9
@health_neon_2751,Daily Fit,2673,888,37,10,10,3.0,True,5.82,33.23,0.045,health,80,77.8
@crypto_vivid_2752,Vivid Crypto,9422,2651,22,5,6,0.61,True,1.16,28.15,0.007,crypto,57,56.7
@entertainment_alpha_2753,Neon Laughs,12419,3953,50,0,13,1.41,False,1.97,31.83,0.059,entertainment,60,57.9
@health_prime_2754,Quiet Wellness,1357,453,21,7,3,3.64,True,6.57,33.44,0.129,health,75,69.2
@lifestyle_vivid_2755,Insider Style,6787,2007,75,0,20,1.04,False,6.32,29.58,0.046,lifestyle,62,60.3
@politics_urban_2756,Urban Forum,379,121,0,0,0,3.96,False,0.06,32.11,0.045,politics,33.2,32.3
@health_insider_2757,Prime Care,651,206,5,1,1,1.01,True,3.4,31.67,0.066,health,67,64.4
@tech_smart_2758,Insider AI,10513,2361,42,0,12,0.79,False,2.46,22.46,0.028,tech,55,54.1
@news_core_2759,Vivid News,2922,1085,39,8,14,2.03,True,5.34,37.14,0.057,news,80,77.3
@lifestyle_open_2760,Quiet Travel,1721,218,3,0,0,12.0,False,2.47,12.71,0.061,lifestyle,35,33.7
@sports_open_2761,Peak Arena,911,397,9,3,2,0.88,True,4.16,43.66,0.143,sports,62,56.7
@music_insider_2762,Vivid Music,4914,834,17,5,7,1.24,True,3.78,16.99,0.162,music,60,54.2
@gaming_open_2763,Nova Quest,8507,2592,55,0,18,1.08,False,3.66,30.48,0.069,gaming,62,59.4
@business_global_2764,Urban Capital,1202,424,14,3,4,2.97,True,4.79,35.28,0.119,business,70,65.0
@sports_peak_2765,Neon League,622,233,3,0,0,2.85,False,2.66,37.48,0.024,sports,57,56.2
@news_quiet_2766,Peak Digest,275,99,1,0,0,0.2,True,1.95,36.19,0.008,news,42,41.8
@lifestyle_neon_2767,Alpha Travel,11207,3819,85,19,23,0.09,True,3.4,34.08,0.0,lifestyle,70,70.0
@lifestyle_bright_2768,Vivid Travel,1752,355,8,0,3,4.8,False,3.96,20.3,0.04,lifestyle,50,48.8
@business_core_2769,Global Ventures,5378,1602,30,0,7,0.56,False,2.73,29.8,0.035,business,52,50.9
@tech_prime_2770,Bright Code,1313,521,16,3,5,13.5,True,4.43,39.7,0.088,tech,55,52.1
@crypto_vivid_2771,Daily Crypto,1693,630,15,4,5,3.07,True,3.52,37.22,0.044,crypto,65,63.3
@gaming_quiet_2772,Open Arena,24964,6645,132,40,55,2.99,True,3.58,26.62,0.043,gaming,80,77.9
@news_peak_2773,Daily News,9354,4081,112,0,22,0.12,False,4.13,43.63,0.0,news,47,47.0
@health_core_2774,Bright Wellness,98054,33330,428,0,143,1.41,False,1.79,33.99,0.096,health,62,58.4
@education_nova_2775,Peak Academy,15270,4200,89,0,21,1.51,False,2.92,27.51,0.044,education,60,58.4
@business_smart_2776,Open Ventures,2086,859,13,4,2,1.56,True,2.68,41.22,0.063,business,70,67.4
@business_urban_2777,Vivid Market,1482,557,14,0,3,0.88,False,3.98,37.61,0.0,business,55,55.0
@politics_global_2778,Alpha Debate,3895,1083,32,8,9,1.11,True,4.85,27.83,0.077,politics,70,66.7
@lifestyle_urban_2779,Bright Home,859,272,4,0,1,1.36,False,2.54,31.74,0.06,lifestyle,57,54.9
@news_vivid_2780,Daily Wire,408,117,2,0,0,0.2,True,3.89,28.79,0.02,news,42,41.5
@crypto_peak_2781,Nova Chain,5999,1796,33,6,8,1.72,True,2.53,29.95,0.061,crypto,72,69.4
@entertainment_peak_2782,Prime Vibes,41252,12207,45,0,12,0.2,False,0.63,29.59,0.094,entertainment,40,37.7
@gaming_bright_2783,Daily Games,6361,1735,8,0,3,2.45,False,0.8,27.29,0.0,gaming,47,47.0
@gaming_vivid_2784,Open Arena,2076,766,23,0,5,2.35,False,4.24,36.94,0.02,gaming,60,59.3
@crypto_nova_2785,Insider Chain,2886,1172,41,0,13,0.49,False,6.03,40.64,0.0,crypto,55,55.0
@tech_core_2786,Alpha Dev,478,82,0,0,0,2.14,False,0.06,17.21,0.1,tech,28.2,26.5
@news_insider_2787,Bright Wire,68351,10110,157,0,40,0.63,False,2.7,14.79,0.052,news,52,50.4
@gaming_nova_2788,Daily Esports,24660,3561,28,0,10,1.3,False,1.32,14.44,0.56,gaming,50,33.2
@lifestyle_bright_2789,Neon Home,2380,895,17,0,3,1.13,False,3.58,37.64,0.039,lifestyle,60,58.6
@business_open_2790,Urban Money,3177,137,0,0,0,1.74,True,0.2,4.33,0.9,business,26.16,12.0
@crypto_bright_2791,Urban Chain,5478,942,24,0,8,2.24,False,3.63,17.2,0.051,crypto,52,50.4
@sports_open_2792,Alpha Match,16751,2597,85,0,25,0.57,False,4.71,15.51,0.0,sports,50,50.0
@crypto_vivid_2793,Nova Crypto,453,212,8,0,2,0.12,False,5.64,46.99,0.068,crypto,47,45.1
@entertainment_bright_2794,Nova Vibes,16327,1251,15,3,3,2.03,True,1.82,7.67,0.644,entertainment,53.83,33.0
@gaming_daily_2795,Insider Games,5344,1917,45,0,18,1.15,False,4.25,35.88,0.041,gaming,62,60.5
@music_prime_2796,Prime Music,13129,4522,102,28,28,1.96,True,3.34,34.45,0.046,music,85,82.7
@entertainment_prime_2797,Prime Fun,667,299,8,3,2,2.33,True,4.52,44.97,0.121,entertainment,67,62.1
@news_bright_2798,Vivid Report,4083,1476,35,0,9,1.2,False,3.53,36.17,0.112,news,60,56.0
@sports_neon_2799,Urban Arena,3772,1508,36,0,12,0.09,False,4.17,39.98,0.118,sports,45,41.8
@anime_urban_2800,Peak Anime,7675,1418,51,0,7,2.68,False,5.12,18.49,0.077,anime,57,54.4
@sports_core_2801,Urban Sports,5608,1472,39,0,12,2.45,False,4.47,26.26,0.086,sports,57,54.1
@politics_core_2802,Smart Debate,17474,6334,163,42,55,0.78,True,3.62,36.25,0.084,politics,80,76.0
@music_neon_2803,Bright Music,13754,3635,66,0,15,1.27,False,2.75,26.43,0.103,music,60,56.3
@news_prime_2804,Smart News,4577,1762,38,0,14,3.95,False,3.4,38.52,0.121,news,55,51.0
@entertainment_bright_2805,Prime Fun,1248,389,15,0,3,0.2,False,6.42,31.22,0.053,entertainment,55,53.3
@music_neon_2806,Vivid Sound,1953,842,15,0,4,2.32,False,2.91,43.15,0.09,music,60,56.8
@entertainment_bright_2807,Prime Laughs,121,28,0,0,0,1.45,True,2.92,23.26,0.008,entertainment,52,51.7
@business_alpha_2808,Nova Money,77599,8061,163,57,62,1.32,True,3.31,10.39,0.101,business,77,72.3
@crypto_peak_2809,Urban Crypto,8154,1999,56,21,15,1.95,True,4.4,24.52,0.039,crypto,77,75.2
@crypto_global_2810,Neon Chain,100,38,1,0,0,0.23,False,4.35,38.25,0.02,crypto,47,46.4
@entertainment_core_2811,Bright Fun,604,261,1,0,0,0.2,True,0.74,43.34,0.01,entertainment,37,36.8
@crypto_quiet_2812,Quiet Coins,4111,1212,31,9,7,2.62,True,3.56,29.5,0.016,crypto,70,69.3
@gaming_neon_2813,Alpha Quest,4084,207,0,0,0,3.64,False,0.39,5.09,0.666,gaming,25.34,15.2
@business_nova_2814,Daily Market,348,98,1,0,0,2.65,False,2.5,28.23,0.102,business,52,48.8
@politics_bright_2815,Insider Politics,3011,878,22,6,4,0.2,True,3.71,29.16,0.061,politics,60,57.8
@business_neon_2816,Prime Market,297,111,4,0,1,0.15,False,5.18,37.56,0.024,business,47,46.3
@news_nova_2817,Smart Report,1497,449,9,0,3,1.74,False,3.85,30.04,0.04,news,60,58.6
@lifestyle_global_2818,Vivid Living,18416,6235,2,0,0,3.67,True,0.05,33.86,0.075,lifestyle,41.0,39.2
@gaming_core_2819,Daily Quest,30384,1540,18,0,6,0.19,False,1.73,5.07,0.023,gaming,27.54,27.2
@politics_nova_2820,Peak Policy,1372,354,9,3,3,2.74,True,3.87,25.81,0.01,politics,65,64.6
@music_nova_2821,Open Tracks,11754,3695,66,22,9,2.83,True,2.57,31.44,0.03,music,85,83.4
@music_insider_2822,Core Sound,7102,383,5,0,2,1.21,False,2.3,5.39,0.429,music,44.7,33.2
@news_peak_2823,Alpha Digest,7381,501,9,0,2,1.72,False,2.79,6.79,0.449,news,45.39,33.2
@business_global_2824,Urban Capital,4615,921,6,0,2,0.16,False,1.25,19.97,0.072,business,30,28.7
@entertainment_nova_2825,Urban Laughs,5037,1562,36,9,11,5.23,True,4.24,31.02,0.027,entertainment,67,65.9
@news_peak_2826,Neon Digest,2051,734,15,5,2,4.48,True,3.69,35.8,0.038,news,65,63.5
@entertainment_prime_2827,Daily Vibes,868,277,8,0,1,2.22,False,4.58,31.94,0.014,entertainment,57,56.5
@gaming_insider_2828,Peak Arena,39040,7857,14,2,3,0.3,True,0.27,20.13,0.0,gaming,45.4,45.4
@business_vivid_2829,Nova Ventures,2825,739,7,0,2,2.14,False,1.82,26.19,0.04,business,50,48.8
@lifestyle_quiet_2830,Nova Living,943,346,9,2,2,29.4,True,3.93,36.7,0.022,lifestyle,52,51.3
@tech_smart_2831,Prime Code,153619,12421,259,0,74,37.7,False,3.62,8.09,0.018,tech,39.04,38.6
@music_bright_2832,Nova Music,751,154,3,0,1,1.62,False,3.34,20.6,0.036,music,52,50.9
@sports_neon_2833,Urban Match,15462,3375,115,0,22,33.3,False,5.24,21.83,0.084,sports,50,47.5
@gaming_daily_2834,Core Quest,21339,5004,202,31,56,0.04,True,5.43,23.45,0.05,gaming,70,67.9
@news_global_2835,Alpha Digest,17212,3553,74,20,27,0.04,True,3.68,20.65,0.072,news,65,62.2
@gacha_urban_2836,Peak Gacha,7934,3224,88,25,29,2.12,True,4.05,40.64,0.058,gacha,82,79.2
@news_open_2837,Quiet Digest,4568,2117,29,8,5,0.17,True,1.97,46.36,0.046,news,55,53.5
@news_insider_2838,Bright Digest,28699,2745,7,2,1,0.81,True,0.47,9.57,0.125,news,44.18,40.9
@business_nova_2839,Alpha Market,8571,2370,39,16,15,1.82,True,2.96,27.66,0.065,business,77,74.0
@news_peak_2840,Daily Wire,18442,6068,65,0,20,0.2,False,1.89,32.91,0.037,news,50,48.9
@sports_global_2841,Insider League,128,32,1,0,0,2.15,False,6.12,25.57,0.074,sports,57,54.5
@business_open_2842,Prime Market,10250,2467,44,7,14,0.64,True,2.52,24.07,0.123,business,70,64.8
@education_neon_2843,Open Learn,3858,1093,44,7,8,1.82,True,5.87,28.33,0.052,education,75,72.6
@tech_vivid_2844,Urban Dev,38316,7672,217,0,47,1.5,False,4.55,20.02,0.031,tech,60,58.9
@news_vivid_2845,Global Report,1908,608,16,0,3,2.94,False,4.34,31.91,0.005,news,60,59.8
@health_nova_2846,Neon Wellness,4172,424,1,0,0,0.75,True,0.46,10.17,0.056,health,34.2,33.0
@crypto_neon_2847,Global DeFi,1149,71,0,0,0,0.7,False,0.93,6.2,0.67,crypto,28.1,16.8
@entertainment_open_2848,Bright Memes,11703,2073,18,0,4,1.76,False,1.57,17.71,0.096,entertainment,50,47.1
@news_daily_2849,Urban Digest,10644,2945,40,13,15,2.07,True,2.2,27.67,0.093,news,80,75.5
@business_urban_2850,Core Market,1777,519,7,0,2,32.3,False,2.24,29.24,0.011,business,40,39.7
@news_urban_2851,Insider Wire,88789,18278,198,0,62,2.3,False,1.93,20.59,0.041,news,57,55.6
@gaming_alpha_2852,Nova Arena,2846,679,15,3,4,0.76,True,3.8,23.89,0.101,gaming,60,56.4
@gaming_alpha_2853,Nova Quest,15711,3680,64,0,25,0.03,False,3.09,23.43,0.131,gaming,45,41.5
@entertainment_bright_2854,Core Laughs,4026,1297,37,9,10,2.43,True,4.84,32.24,0.014,entertainment,75,74.4
@news_prime_2855,Vivid News,339,126,2,0,0,0.66,True,3.57,37.22,0.062,news,52,50.1
@business_alpha_2856,Urban Ventures,20630,6233,54,0,10,1.82,False,1.39,30.22,0.076,business,60,57.2
@news_neon_2857,Nova Wire,13437,3784,47,0,17,3.58,False,2.22,28.16,0.034,news,55,53.9
@crypto_smart_2858,Bright Chain,25349,872,2,0,0,0.2,True,0.49,3.44,0.509,crypto,26.52,18.4
@crypto_daily_2859,Prime Crypto,2959,1019,4,1,1,4.3,True,0.76,34.45,0.056,crypto,55,53.1
@business_smart_2860,Urban Capital,14549,1396,31,11,9,1.57,True,3.71,9.6,0.44,business,69.8,51.4
@anime_neon_2861,Peak Manga,52198,3213,26,8,8,0.22,True,1.17,6.16,0.623,anime,50.08,31.4
@business_global_2862,Alpha Market,11273,2733,84,0,23,2.16,False,5.48,24.25,0.094,business,65,61.3
@news_smart_2863,Global Wire,188,54,1,0,0,1.24,False,3.89,28.94,0.081,news,52,49.5
@tech_alpha_2864,Insider Dev,3853,1349,63,0,24,2.99,False,7.3,35.03,0.005,tech,65,64.8
@entertainment_core_2865,Nova Memes,40963,14081,269,0,85,0.47,False,2.7,34.38,0.083,entertainment,55,52.3
@gaming_prime_2866,Quiet Esports,1461,543,2,0,0,0.2,False,0.62,37.21,0.066,gaming,40,38.4
@business_quiet_2867,Smart Ventures,1483,148,2,0,0,1.65,True,1.83,10.0,0.729,business,45,25.3
@business_urban_2868,Insider Ventures,37332,6475,183,0,32,1.87,False,3.8,17.35,0.074,business,55,52.6
@education_urban_2869,Bright Learn,682,311,5,0,2,0.2,False,2.95,45.69,0.035,education,47,46.0
@crypto_open_2870,Alpha Coins,6117,3063,77,26,28,2.57,True,3.84,50.08,0.047,crypto,87,84.5
@education_urban_2871,Open Course,5532,529,3,1,0,1.77,True,1.06,9.58,0.83,education,51.79,26.0
@lifestyle_quiet_2872,Open Style,2261,491,17,6,4,1.46,True,6.1,21.76,0.072,lifestyle,75,71.8
@gacha_neon_2873,Urban GLMV,852,317,4,0,0,2.38,False,2.05,37.29,0.089,gacha,57,54.0
@news_core_2874,Open Wire,1691,477,14,4,4,17.6,True,5.03,28.23,0.025,news,55,54.2
@health_nova_2875,Alpha Fit,2510,741,8,0,1,1.37,False,1.9,29.55,0.079,health,50,47.6
@business_quiet_2876,Nova Ventures,1693,199,1,0,0,0.16,True,1.65,11.76,0.086,business,30,28.4
@news_vivid_2877,Quiet Wire,6877,1888,54,10,17,0.95,True,3.97,27.46,0.0,news,67,67.0
@politics_neon_2878,Core Forum,2628,951,16,0,4,2.18,False,2.78,36.21,0.092,politics,60,56.7
@sports_quiet_2879,Urban League,11159,3502,58,0,15,1.63,False,2.67,31.38,0.087,sports,65,61.6
@sports_vivid_2880,Vivid Sports,75907,17557,265,0,68,0.15,False,2.39,23.13,0.098,sports,47,44.2
@anime_smart_2881,Quiet Manga,3589,1405,20,0,8,0.54,False,2.67,39.15,0.082,anime,55,52.3
@gaming_daily_2882,Alpha Arena,6295,2312,67,0,14,0.96,False,4.04,36.73,0.118,gaming,57,53.0
@entertainment_vivid_2883,Daily Vibes,45264,9732,379,96,88,0.2,True,6.57,21.5,0.06,entertainment,75,72.3
@health_core_2884,Peak Wellness,3693,952,21,6,3,1.65,True,3.58,25.78,0.0,health,70,70.0
@politics_bright_2885,Vivid Debate,5752,1563,16,0,5,0.66,False,1.87,27.19,0.0,politics,47,47.0
@business_nova_2886,Neon Money,8669,2668,78,0,24,1.25,False,3.98,30.78,0.075,business,62,59.2
@lifestyle_open_2887,Peak Travel,1363,577,20,5,6,1.19,True,4.93,42.4,0.062,lifestyle,70,67.4
@lifestyle_peak_2888,Open Style,10555,2317,42,14,12,1.34,True,2.89,21.95,0.073,lifestyle,80,76.5
@crypto_peak_2889,Daily Coins,1396,456,10,3,2,2.71,True,3.24,32.71,0.0,crypto,70,70.0
@music_daily_2890,Prime Beats,6464,658,7,1,2,0.0,True,1.54,10.19,0.509,music,42,29.2
@politics_quiet_2891,Urban Forum,16217,3609,148,25,44,1.15,True,5.84,22.26,0.116,politics,85,79.1
@news_quiet_2892,Insider Report,2281,852,32,0,11,2.42,False,5.6,37.38,0.041,news,65,63.4
@business_vivid_2893,Nova Ventures,1842,517,7,0,1,0.2,False,2.39,28.08,0.048,business,45,43.7
@sports_vivid_2894,Bright Sports,7900,2619,62,12,15,3.7,True,3.57,33.16,0.107,sports,77,72.1
@entertainment_urban_2895,Global Laughs,4058,1063,27,9,6,0.13,True,3.43,26.21,0.0,entertainment,55,55.0
@crypto_urban_2896,Bright Chain,2024,523,9,0,1,1.58,False,2.77,25.87,0.0,crypto,55,55.0
@gacha_neon_2897,Vivid GLMV,2492,553,2,0,0,0.44,False,0.55,22.23,0.097,gacha,35,33.0
@gaming_prime_2898,Quiet Arena,147430,41595,175,0,31,0.48,False,0.63,28.21,0.042,gaming,45,43.9
@business_urban_2899,Open Market,547,160,3,0,0,1.33,True,3.15,29.32,0.049,business,52,50.5
@education_peak_2900,Daily Academy,2766,1152,17,0,3,4.59,False,2.48,41.67,0.093,education,55,51.9
@crypto_global_2901,Neon Chain,1044,419,9,0,3,1.35,False,3.24,40.2,0.074,crypto,60,57.3
@gaming_bright_2902,Urban Arena,1754,630,10,2,3,2.39,True,2.43,35.92,0.083,gaming,70,66.5
@tech_daily_2903,Vivid Dev,7639,1537,21,7,5,0.7,True,2.36,20.13,0.0,tech,67,67.0
@entertainment_urban_2904,Neon Laughs,60255,9878,34,12,10,0.18,True,0.54,16.39,0.011,entertainment,52,51.7
@gaming_vivid_2905,Alpha Arena,3709,719,0,0,0,0.54,True,0.05,19.4,0.075,gaming,26.0,24.8
@music_core_2906,Alpha Sound,19585,1112,2,0,0,0.7,False,0.33,5.68,0.831,music,29.44,14.8
@business_daily_2907,Bright Market,1141,373,9,0,2,1.19,False,3.37,32.71,0.047,business,60,58.3
@sports_alpha_2908,Quiet Match,27008,2466,69,23,25,1.79,True,4.77,9.13,0.016,sports,69.57,68.9
@business_prime_2909,Daily Ventures,117583,39033,485,167,161,1.6,True,2.08,33.2,0.042,business,90,87.8
@gaming_alpha_2910,Alpha Quest,51799,15422,5,0,1,1.38,True,0.05,29.77,0.027,gaming,43.0,42.3
@crypto_daily_2911,Neon DeFi,12513,3605,34,13,11,1.42,True,1.72,28.82,0.025,crypto,75,73.9
@tech_peak_2912,Quiet Code,12486,4823,54,0,21,0.16,False,1.9,38.63,0.104,tech,45,42.2
@tech_quiet_2913,Global Tech,17527,3051,82,21,23,0.85,True,4.35,17.41,0.064,tech,70,67.3
@education_daily_2914,Open Course,65583,10728,191,38,48,2.85,True,2.41,16.36,0.004,education,77,76.8
@sports_quiet_2915,Insider Arena,15185,4864,88,22,23,0.0,True,2.97,32.03,0.06,sports,70,67.5
@crypto_global_2916,Peak DeFi,2038,101,1,0,0,14.9,True,2.14,5.0,0.488,crypto,27.5,19.4
@music_open_2917,Smart Sound,4149,971,18,0,5,2.87,False,3.26,23.42,0.075,music,55,52.5
@music_bright_2918,Prime Music,617,212,7,0,1,0.77,False,5.73,34.52,0.0,music,57,57.0
@education_insider_2919,Nova Learn,100,45,1,0,0,2.88,False,5.62,45.41,0.06,education,62,59.8
@gaming_daily_2920,Neon Games,2775,1039,29,0,9,1.12,False,4.18,37.46,0.056,gaming,60,58.0
@news_prime_2921,Urban Wire,18981,4195,171,0,33,2.37,False,5.75,22.1,0.03,news,65,63.8
@health_vivid_2922,Insider Wellness,2888,708,23,8,6,4.28,True,5.99,24.53,0.022,health,70,69.1
@crypto_neon_2923,Prime DeFi,729,203,9,1,3,1.02,True,6.84,27.92,0.061,crypto,67,64.5
@crypto_urban_2924,Urban Crypto,4816,2247,36,9,11,1.24,True,2.31,46.67,0.064,crypto,75,72.1
@music_urban_2925,Daily Tracks,7402,2144,66,20,22,2.49,True,5.06,28.97,0.007,music,82,81.7
@entertainment_urban_2926,Peak Fun,56071,3246,55,0,16,1.68,False,2.35,5.79,0.589,entertainment,49.9,32.3
@education_open_2927,Core Course,6202,2099,52,0,10,1.64,False,3.5,33.86,0.039,education,62,60.5
@business_global_2928,Daily Money,130,51,0,0,0,0.49,False,2.82,39.42,0.0,business,47,47.0
@gaming_vivid_2929,Urban Games,4482,1726,37,0,9,30.4,False,2.92,38.51,0.081,gaming,45,42.8
@gacha_neon_2930,Prime GLMV,1266,498,15,0,3,0.05,False,4.81,39.35,0.087,gacha,45,42.7
@news_prime_2931,Quiet Report,30834,7943,179,33,26,2.0,True,3.08,25.76,0.034,news,80,78.4
@tech_open_2932,Peak Code,6273,1712,39,0,13,34.4,False,3.36,27.29,0.029,tech,42,41.3
@tech_daily_2933,Core Dev,118,40,1,0,0,2.38,False,4.17,34.7,0.071,tech,57,54.6
@education_peak_2934,Bright Academy,9007,2497,85,0,27,1.6,False,5.32,27.73,0.0,education,62,62.0
@crypto_open_2935,Bright Coins,4300,1415,16,0,3,0.85,False,2.09,32.92,0.065,crypto,55,52.9
@gaming_nova_2936,Insider Quest,3087,854,13,3,2,28.8,True,2.94,27.69,0.068,gaming,50,48.0
@politics_alpha_2937,Prime Forum,18601,3807,115,0,20,0.8,False,4.63,20.47,0.085,politics,55,52.2
@tech_neon_2938,Nova Dev,3196,1432,62,15,11,33.9,True,5.97,44.82,0.002,tech,70,69.9
@tech_daily_2939,Urban Dev,1500,47,0,0,0,1.76,False,2.59,3.16,0.577,tech,41.58,27.2
@business_global_2940,Core Capital,11943,4082,29,0,6,2.55,False,1.18,34.19,0.013,business,60,59.5
@news_insider_2941,Neon Digest,1301,265,5,0,0,1.78,False,3.01,20.41,0.097,news,55,51.8
@politics_nova_2942,Urban Policy,2711,882,8,0,3,1.29,False,1.65,32.55,0.034,politics,55,53.9
@news_nova_2943,Global Report,2282,537,25,6,7,2.28,True,8.43,23.56,0.002,news,75,74.9
@politics_neon_2944,Global Debate,10897,3580,145,45,41,1.78,True,5.46,32.86,0.0,politics,90,90.0
@news_smart_2945,Peak Digest,16618,5931,86,0,24,4.84,False,2.24,35.69,0.006,news,60,59.8
@gaming_vivid_2946,Global Arena,2565,1100,12,2,2,0.76,True,2.0,42.89,0.085,gaming,65,61.7
@business_quiet_2947,Global Money,838,434,6,1,1,2.63,True,2.11,51.9,0.08,business,72,68.5
@education_peak_2948,Smart Course,9689,1008,24,4,3,0.2,True,3.57,10.41,0.154,education,52,47.2
@news_smart_2949,Urban Digest,249,85,0,0,0,2.98,False,0.82,34.19,0.085,news,47,44.6
@news_peak_2950,Neon News,917,154,2,0,0,0.2,True,2.55,16.81,0.113,news,37,34.5
@tech_urban_2951,Core Code,11654,2900,32,12,5,0.12,True,1.82,24.89,0.0,tech,60,60.0
@tech_quiet_2952,Daily Tech,3440,1074,14,3,3,2.25,True,2.17,31.25,0.058,tech,70,67.5
@entertainment_urban_2953,Open Fun,1560,562,6,0,1,1.75,False,1.59,36.04,0.048,entertainment,55,53.4
@gaming_smart_2954,Bright Arena,43781,13978,75,27,25,26.6,True,0.82,31.93,0.049,gaming,60,58.2
@entertainment_alpha_2955,Core Memes,50253,14812,536,95,139,2.45,True,4.83,29.48,0.074,entertainment,82,78.4
@music_global_2956,Quiet Music,1099,277,4,0,1,1.35,False,2.05,25.26,0.061,music,55,53.0
@education_vivid_2957,Nova Learn,955,328,10,0,2,1.28,False,4.87,34.38,0.0,education,57,57.0
@news_global_2958,Vivid Wire,895,285,9,0,2,1.05,False,4.87,31.9,0.054,news,57,55.2
@news_core_2959,Smart Report,7698,2884,64,13,17,2.84,True,3.18,37.47,0.102,news,82,77.0
@news_urban_2960,Urban News,16966,2507,10,0,1,2.56,False,0.68,14.78,0.059,news,45,43.4
@lifestyle_insider_2961,Alpha Home,4200,362,2,0,0,27.3,False,0.94,8.62,0.423,lifestyle,19.31,14.4
@lifestyle_global_2962,Quiet Home,33105,8836,48,19,12,2.31,True,1.0,26.69,0.03,lifestyle,75,73.7
@news_prime_2963,Peak News,5292,1760,50,0,14,2.72,False,4.08,33.26,0.051,news,62,60.1
@entertainment_prime_2964,Alpha Fun,3907,1809,35,8,7,2.07,True,2.81,46.3,0.095,entertainment,75,70.7
@entertainment_alpha_2965,Peak Fun,3278,462,6,1,1,0.36,True,1.98,14.12,0.104,entertainment,45,42.2
@movies_smart_2966,Neon Reel,3286,1069,23,0,7,3.02,False,3.15,32.54,0.054,movies,55,53.2
@entertainment_neon_2967,Bright Fun,230055,35107,241,0,36,1.93,False,0.93,15.26,0.071,entertainment,50,47.9
@gaming_vivid_2968,Nova Quest,1717,580,17,5,6,1.26,True,4.81,33.78,0.033,gaming,70,68.6
@crypto_alpha_2969,Insider DeFi,6495,345,4,1,1,3.12,True,2.16,5.32,0.334,crypto,49.66,39.7
@entertainment_daily_2970,Smart Memes,142,65,1,0,0,1.24,True,4.34,46.04,0.078,entertainment,57,54.3
@education_insider_2971,Neon Course,3391,786,4,0,1,1.36,False,0.8,23.2,0.115,education,45,41.9
@business_alpha_2972,Nova Market,498,65,0,0,0,0.26,True,1.55,13.07,0.681,business,32,18.9
@health_bright_2973,Open Health,2716,953,1,0,0,2.25,True,0.18,35.12,0.092,health,43.6,41.2
@politics_smart_2974,Daily Debate,1887,866,21,5,4,2.34,True,4.21,45.92,0.053,politics,70,67.8
@education_vivid_2975,Peak Lessons,7984,3143,91,0,18,2.26,False,4.29,39.37,0.124,education,62,57.4
@news_alpha_2976,Neon News,2825,826,2,1,0,3.92,True,0.52,29.26,0.024,news,50,49.3
@education_prime_2977,Alpha Academy,2098,661,30,0,7,1.09,False,6.14,31.52,0.072,education,65,62.2
@entertainment_global_2978,Daily Vibes,13292,3254,121,50,24,2.61,True,6.28,24.48,0.038,entertainment,85,83.1
@news_alpha_2979,Daily News,1235,126,1,0,0,2.63,False,1.45,10.22,0.735,news,45,25.2
@gaming_daily_2980,Bright Arena,17036,794,4,1,0,1.4,True,0.93,4.66,0.802,gaming,47.33,24.5
@business_nova_2981,Quiet Money,1119,272,8,0,2,22.4,False,4.0,24.34,0.008,business,40,39.8
@business_alpha_2982,Core Money,10696,2452,46,0,18,2.16,False,3.41,22.93,0.138,business,60,55.0
@tech_smart_2983,Open Code,12319,3610,31,0,5,2.04,False,1.32,29.31,0.075,tech,55,52.5
@news_urban_2984,Quiet Digest,2926,1367,31,9,8,0.2,True,3.48,46.75,0.077,news,65,62.0
@sports_smart_2985,Global League,733,132,5,0,0,2.79,False,6.06,18.09,0.071,sports,52,49.8
@gaming_open_2986,Quiet Arena,100,13,0,0,0,0.73,True,2.75,13.79,0.385,gaming,42,32.3
@business_insider_2987,Alpha Market,131,33,1,0,0,0.71,True,7.34,25.66,0.034,business,52,50.9
@education_peak_2988,Alpha Course,12484,2555,40,0,17,1.32,False,2.9,20.47,0.098,education,60,56.5
@lifestyle_nova_2989,Neon Travel,3179,1412,51,8,8,1.63,True,5.08,44.44,0.054,lifestyle,80,77.4
@entertainment_urban_2990,Daily Vibes,10815,3444,88,21,29,0.18,True,3.82,31.85,0.038,entertainment,70,68.4
@sports_daily_2991,Peak Arena,4246,937,36,0,10,1.8,False,5.84,22.07,0.064,sports,60,57.7
@news_neon_2992,Global Report,3269,942,6,2,0,2.77,True,1.05,28.82,0.153,news,60,54.5
@news_neon_2993,Bright Report,2200,629,6,1,2,1.59,True,1.94,28.64,0.068,news,60,57.5
@politics_open_2994,Vivid Politics,2853,965,21,6,3,2.76,True,3.45,33.86,0.056,politics,75,72.5
@sports_urban_2995,Quiet Match,100,27,1,0,0,1.01,False,9.31,27.06,0.059,sports,57,55.0
@education_prime_2996,Urban Course,1363434,90035,946,311,302,0.82,True,1.68,6.6,0.42,education,63.3,47.3
@movies_nova_2997,Daily Reel,3090,905,8,3,1,1.76,True,1.48,29.29,0.051,movies,60,58.2
@news_core_2998,Urban Report,14102,5470,116,16,36,1.63,True,2.83,38.79,0.07,news,85,81.4
@news_daily_2999,Bright Digest,84229,19478,514,153,116,1.08,True,3.67,23.13,0.066,news,82,78.7
